題號,分類狀態,待審,原答案,依已取得來源採計,釋疑,原卷PDF頁,原卷印刷頁,答案PDF頁,釋疑PDF頁,原圖,原圖SHA256,主條目ID,主分類,次條目ID,次分類,主分類理由,次分類理由,科學說明,課本印刷頁,課本PDF頁,覆核者,覆核紀錄
TCU-107-Q01,FORMAL,False,A,A,未列已取得同年公告的7筆生物釋疑；依原表記錄，不宣稱沒有其他公告,2,2,1,,questions/Q01.png,ce4e5e00e416e6ae8c37cc3f6df2eb5b40bbcab2bc58b018d94de46c19cb92e8,L2140,33.5 / Echinoderms,L2120,33.3 / Molluscs,33.5 / Echinoderms：以海星翻胃攝食解釋雙殼貝殼完整，直接對應棘皮動物特徵。,33.3 / Molluscs：雙殼類殼與攝食方式是被捕食者判讀依據。,原表A。海星可將胃伸入微開的貝殼消化軟體；殼完整不能推出未被捕食。題幹限定腹足類為草食者，不把所有腹足類都說成草食。,"699,700,701,713,714","748,749,750,762,763",Codex /root,TCU-107-R2-Q01
TCU-107-Q02,FORMAL,False,A,A,未列已取得同年公告的7筆生物釋疑；依原表記錄，不宣稱沒有其他公告,2,2,1,,questions/Q02.png,7a5725c6c912b7c438bf396d0f4d999ff6010b9108913615ee1b5c9931dd4f1f,L2183,34.3 / Derived Characters of Gnathostomes,"L2176,L2192,L2212,L2218,L2225",34.2 / Early Vertebrate Evolution ; 34.3 / Ray-Finned Fishes and Lobe-Fins ; 34.5 / Derived Characters of Amniotes ; 34.5 / Reptiles ; 34.6 / Derived Characters of Mammals,34.3 / Derived Characters of Gnathostomes：有頜類的衍徵及分支位置是五特徵排序的骨架。,34.2 / Early Vertebrate Evolution：成對鰭已出現於部分無頜祖先；34.3 / Ray-Finned Fishes and Lobe-Fins：硬骨魚鰾演化在有頜之後；34.5 / Derived Characters of Amniotes：羊膜卵界定羊膜動物；34.5 / Reptiles：爬行類分支提供羊膜特徵位置；34.6 / Derived Characters of Mammals：哺乳類正文741明列四腔心,原表A：成對鰭→上下顎→魚鰾→羊膜卵→四腔心。教材728指出鰾由肺演化而來，不能反推肺由鰾產生；這是題列特徵順序，不是所有現生類群排成直線，四腔心可在不同支系演化。,"724,725,726,728,729,734,735,736,741","773,774,775,777,778,783,784,785,790",Codex /root,TCU-107-R2-Q02
TCU-107-Q03,FORMAL,False,C,C,未列已取得同年公告的7筆生物釋疑；依原表記錄，不宣稱沒有其他公告,2,2,1,,questions/Q03.png,f9ca3a5b2fc221cc021689f11144c49deb167077fc4001f2311e245987dede95,L2743,41.5 / Regulation of Energy Storage,,,41.5 / Regulation of Energy Storage：飢餓時糖原與脂肪動員屬能量儲存調節。,無另列最小次目；原圖C完整，教材915用and連接後兩者，故採C並明列嚴格順序的簡化，不改成脂肪先耗盡。,原表C。教材915先列肝糖原，再動用肌糖原與脂肪；它未把肌糖原與脂肪寫成絕不重疊的兩階段。原題嚴格順序是簡化，肌糖原主要供肌肉自身使用，不等於直接釋出血糖。,"915,916,917","964,965,966",Codex /root,TCU-107-R2-Q03
TCU-107-Q04,FORMAL,False,A,A,未列已取得同年公告的7筆生物釋疑；依原表記錄，不宣稱沒有其他公告,2,2,1,,questions/Q04.png,7b2fbab5035d51ba85e7d63ee6ae6676b09e2f459ede651628045f3a1a07c9b2,L2743,41.5 / Regulation of Energy Storage,L2746,41.5 / Regulation of Appetite and Consumption,41.5 / Regulation of Energy Storage：BMI圖與能量儲存、肥胖風險直接相關。,41.5 / Regulation of Appetite and Consumption：食慾荷爾蒙是題目所涉及儲能恆定的相關調節,原表A。完整圖中美國Pima男女BMI皆較墨西哥兩組高，支持生活環境與肥胖、糖尿病風險的關聯；不是環境唯一因果證明，BMI正常仍可能罹病，橫斷圖不能推出逐年上升。圖的男女圖例及誤差棒均保留。,"915,916,917,918","964,965,966,967",Codex /root,TCU-107-R2-Q04
TCU-107-Q05,FORMAL,False,B,B,未列已取得同年公告的7筆生物釋疑；依原表記錄，不宣稱沒有其他公告,3,3,1,,questions/Q05.png,ea2c9cbcb1187dbf43442df9ac30fdf0db1dd9d0b51a38b1ff18a8cb8c3350ce,L2104,33.2 / Anthozoans,L1847,28.6 / Symbiotic Protists,33.2 / Anthozoans：珊瑚屬刺絲胞動物，需辨其共生與顏色。,28.6 / Symbiotic Protists：教材614明列珊瑚與光合渦鞭毛藻互利共生,原表B。共生藻的光合色素是本題預期來源；不能把珊瑚所有顏色都歸於藻而排除宿主色素，也不能由顏色單獨推定共生者種類。,"614,615,693","663,664,742",Codex /root,TCU-107-R2-Q05
TCU-107-Q06,FORMAL,False,D,D,未列已取得同年公告的7筆生物釋疑；依原表記錄，不宣稱沒有其他公告,3,3,1,,questions/Q06.png,48c541423d5a03de9f3dde003fe22f11ff99f48663fe554092d0229e7d7bec66,L1847,28.6 / Symbiotic Protists,L2733,41.4 / Mutualistic Adaptations,28.6 / Symbiotic Protists：教材614直接以白蟻腸道共生原生生物分解木材為例。,41.4 / Mutualistic Adaptations：消化互利適應正文912–914提供一般機制比較，該節以脊椎動物為主，未把白蟻誤歸脊椎動物,原表D。共生微生物協助分解纖維素；但題幹「動物不能產生纖維素分解酵素」不是通則。1998原始研究已辨白蟻自身RsEG基因；2024研究區分細菌、古菌及部分白蟻的原生生物。不能泛稱全部白蟻只靠原生生物。,"614,615,912,913,914","663,664,961,962,963",Codex /root,TCU-107-R2-Q06
TCU-107-Q07,FORMAL,False,D,D,未列已取得同年公告的7筆生物釋疑；依原表記錄，不宣稱沒有其他公告,3,3,1,,questions/Q07.png,0183938e5bf7491ae7ff7318e6f087908722f7f60ade66f474090effb40f6fc6,L2824,42.5 / Tracheal Systems in Insects,L2944,44.1 / Osmoregulatory Challenges and Mechanisms,42.5 / Tracheal Systems in Insects：氣門與氣管交換造成CO2間歇釋放；目錄最小相關機制條目以昆蟲命名，題中蜈蚣並非昆蟲。,44.1 / Osmoregulatory Challenges and Mechanisms：陸生動物減少水分流失連結呼吸與滲透調節,原表D。左圖Cormocephalus morsitans為間歇交換，右Scutigerina weberi較連續；左橫軸hours、右minutes，不直接比尖峰高度推總代謝。減少氣門開啟可降低水分流失，較乾棲地是可檢驗假說，單圖不能證實實際棲地或排除其他交換調節因素。,"941,942,978,979,980","990,991,1027,1028,1029",Codex /root,TCU-107-R2-Q07
TCU-107-Q08,FORMAL,False,B,B,未列已取得同年公告的7筆生物釋疑；依原表記錄，不宣稱沒有其他公告,3,3,1,,questions/Q08.png,3ffa3b2a4b59b02ae54bf9fae28215e3ce7c4d5f4df24067882aaffbb9387713,L3004,45.1 / Cellular Hormone Response Pathways,L3048,45.3 / Evolution of Hormone Function,45.1 / Cellular Hormone Response Pathways：同一激素在不同標的細胞引發不同反應路徑。,45.3 / Evolution of Hormone Function：甲狀腺激素參與變態是激素功能演化的具體例子,原表B。不同組織的受體、調控蛋白和基因表現背景使甲狀腺激素造成蝌蚪尾退化或四肢生長；不是激素本身每次換成另一種。脂溶性甲狀腺激素可經細胞內受體作用，不能強制解讀為只經膜受體。,"1001,1002,1003,1015,1016","1050,1051,1052,1064,1065",Codex /root,TCU-107-R2-Q08
TCU-107-Q09,FORMAL,False,D,D,未列已取得同年公告的7筆生物釋疑；依原表記錄，不宣稱沒有其他公告,4,4,1,,questions/Q09.png,b6197821c1e577f3c4db3858d23d9572acd82ff8939c08f9896be40b36173e6a,L3091,46.3 / Gametogenesis,,,46.3 / Gametogenesis：比較精子與卵形成的細胞分裂和功能配子數。,無另列最小次目；重看III為「均導致生殖細胞產生配子」，修正首稿非逐字引句；D不變。功能配子數與發生時序分別核對。,原表D，僅III「均導致生殖細胞產生配子」共同。卵生成的不對稱胞質分裂只產一大卵及極體；題幹泛稱脊椎動物，不能把人類胎兒卵母細胞開始減數分裂的時序套用到所有物種。,"1027,1028,1029,1030","1076,1077,1078,1079",Codex /root,TCU-107-R2-Q09
TCU-107-Q10,FORMAL,False,B,B,維持原答案B,4,4,1,2,questions/Q10.png,c57a70ae9804e44f1b036f305f13f61198fbe7753176620f65b93ed6e1c3fd5c,L3169,47.3 / Cell Fate Determination and Pattern Formation by Inductive Signals,L3144,47.2 / Gastrulation,47.3 / Cell Fate Determination and Pattern Formation by Inductive Signals：組織者誘導鄰近細胞形成體軸，最小目錄為誘導訊號下細胞決定與模式形成。,47.2 / Gastrulation：原腸胚形成提供被影響的形態發生程序,原表B，已得釋疑亦維持B。教材1062的移植實驗支持誘導體軸及原腸運動，不直接證明任何動物、任何切除範圍都使全部原腸形成停止。goosecoid研究的誘導及擾動結果也具物種、時期及處理範圍，保留原題概括過廣限制。,"1049,1050,1051,1052,1061,1062","1098,1099,1100,1101,1110,1111",Codex /root,TCU-107-R2-Q10
TCU-107-Q11,FORMAL,False,C,C,未列已取得同年公告的7筆生物釋疑；依原表記錄，不宣稱沒有其他公告,4,4,1,,questions/Q11.png,8bc734cf39aad2f729d1e53c00fa6e29bf2cdcfdeb2725cbacc57ebfa39351a5,L3104,46.4 / Hormonal Control of Female Reproductive Cycles,,,46.4 / Hormonal Control of Female Reproductive Cycles：LH高峰與排卵屬雌性生殖週期荷爾蒙控制。,無另列最小次目；題幹確實問最快；LH峰最直接，主雌性週期；沒有把獸醫情境變成未提供劑量的處方。,原表C。LH是選項中最直接促排卵訊號；FSH先促濾泡生長，雌激素正回饋位在上游。題意是生理機制比較，不從題目產生動物用藥劑量。,"1032,1033,1034","1081,1082,1083",Codex /root,TCU-107-R2-Q11
TCU-107-Q12,FORMAL,False,B,B,未列已取得同年公告的7筆生物釋疑；依原表記錄，不宣稱沒有其他公告,4,4,1,,questions/Q12.png,ea8ffbe26d28dcf2cf1858e1a84b749240aff911ef84b428da7bfc385239ba34,L3381,50.5 / Vertebrate Skeletal Muscle,L3231,48.4 / Neurotransmitters,50.5 / Vertebrate Skeletal Muscle：神經肌肉接點訊號受阻導致骨骼肌無法正常收縮。,48.4 / Neurotransmitters：乙醯膽鹼作為運動神經末端傳遞物是直接作用位置,原表B。抑制骨骼肌乙醯膽鹼受體會降低終板去極化、鈣釋放及收縮，可致麻痺；不是抑制乙醯膽鹼酯酶造成持續刺激，不能推論神經軸突的動作電位本身被直接阻止。,"1080,1081,1126,1127,1128,1129,1130","1129,1130,1175,1176,1177,1178,1179",Codex /root,TCU-107-R2-Q12
TCU-107-Q13,FORMAL,False,B,B,未列已取得同年公告的7筆生物釋疑；依原表記錄，不宣稱沒有其他公告,4,4,1,,questions/Q13.png,de269b727b979b1cc8dc98235063a2786cf6512b3dda41a01daa8300ffaf3d62,L2192,34.3 / Ray-Finned Fishes and Lobe-Fins,"L2202,L1412",34.4 / The Origin of Tetrapods ; 22.3 / Homology,34.3 / Ray-Finned Fishes and Lobe-Fins：肉鰭魚的骨骼與肌肉支撐附肢是接近四足類的核心證據。,34.4 / The Origin of Tetrapods：四足動物附肢衍徵對照；22.3 / Homology：同源構造是比較推理的方法,原表B。成對肉質鰭內骨骼、肌肉與四足類肢的同源性支持關係；現生肉鰭魚不是現生四足動物的直接祖先，也不能把肺魚的空氣呼吸概括為所有現生肉鰭類完全相同。,"479,480,728,729,730,731","528,529,777,778,779,780",Codex /root,TCU-107-R2-Q13
TCU-107-Q14,FORMAL,False,C,C,未列已取得同年公告的7筆生物釋疑；依原表記錄，不宣稱沒有其他公告,4,4,1,,questions/Q14.png,3d8adf2b11e259eb776c24a7779d3b12a48b75cad51dd08c03d9b86e91cb9405,L2237,34.6 / Eutherians (Placental Mammals),L3364,50.3 / The Vertebrate Visual System,34.6 / Eutherians (Placental Mammals)：靈長類正文位於真實目錄Eutherians之下，不能另造Primates目錄葉。,50.3 / The Vertebrate Visual System：雙眼重疊視野連結脊椎動物視覺系統,原表C。朝前雙眼的視野重疊可支持立體視覺和距離判斷。不是單眼焦距變化的同義詞，也不把所有哺乳類都視為朝前雙眼。,"744,745,746,747,1119,1120,1121,1122","793,794,795,796,1168,1169,1170,1171",Codex /root,TCU-107-R2-Q14
TCU-107-Q15,FORMAL,False,B,B,未列已取得同年公告的7筆生物釋疑；依原表記錄，不宣稱沒有其他公告,4,4,1,,questions/Q15.png,15f7a47836bb60bca1b05c1151f01cedd343405107b1a4e616210aeb94e4c84c,L2413,36.5 / Bulk Flow by Positive Pressure: The Mechanism of Translocation in Angiosperms,L2410,36.5 / Movement from Sugar Sources to Sugar Sinks,36.5 / Bulk Flow by Positive Pressure: The Mechanism of Translocation in Angiosperms：五步排序以篩管壓力流機制為核心。,36.5 / Movement from Sugar Sources to Sugar Sinks：糖由源到庫及源端裝載提供壓力梯度起點,原表B，2→4→3→1→5：葉肉光合產糖→葉片細胞間轉糖→主動裝入篩管→水滲入→沿莖下移。沿莖向下只適用本題源庫配置；不同篩管可向不同庫運輸，並非所有植物所有裝載均必須主動耗ATP。,"799,800,801","848,849,850",Codex /root,TCU-107-R2-Q15
TCU-107-Q16,FORMAL,False,A,A,未列已取得同年公告的7筆生物釋疑；依原表記錄，不宣稱沒有其他公告,5,5,1,,questions/Q16.png,e2cff7342a59cd21a95d8c7e3a84fbebaca60bb42ee16e33e06feae8054f3a9a,L1919,30.1 / The Evolutionary Advantage of Seeds,L3075,46.2 / Ensuring the Survival of Offspring,30.1 / The Evolutionary Advantage of Seeds：種子包覆胚與營養的功能最接近卵生的保護包裹。,46.2 / Ensuring the Survival of Offspring：卵生、胎生與後代保護比較補充類比依據,原表A。種子與卵生皆可在保護構造內提供胚營養，但此為功能類比，非同源器官。種子受精在母株，不可因此說所有卵生動物都體外受精。,"638,639,640,1022,1023","687,688,689,1071,1072",Codex /root,TCU-107-R2-Q16
TCU-107-Q17,FORMAL,False,B,B,未列已取得同年公告的7筆生物釋疑；依原表記錄，不宣稱沒有其他公告,5,5,1,,questions/Q17.png,55f91e85d2afc8d3da584826977dd80fb2e0e30427de16dd08f4e41f32a6d195,L3364,50.3 / The Vertebrate Visual System,,,50.3 / The Vertebrate Visual System：視桿細胞光訊號轉換在脊椎動物視覺系統最小條目。,無另列最小次目；原圖D中文鈉通道、英文potassium channel不一致，新增明示；B關閉鈉通道並超極化不受此排版差異影響。,原表B。原圖D中文寫鈉通道而英文為potassium channel，兩者不一致，原圖照存。光活化色素後cGMP下降，陽離子通道關閉，視桿細胞超極化並減少麩胺酸釋放；不是照光讓鈉通道打開，視桿受體電位亦非自己產生的全有全無動作電位。,"1119,1120,1121,1122","1168,1169,1170,1171",Codex /root,TCU-107-R2-Q17
TCU-107-Q18,FORMAL,False,D,D,維持原答案D,5,5,1,3,questions/Q18.png,a5e5ab74e2f18e2fa481b203d75aacba6321c5880ad8ac39e95cdb3c5a7abd54,L2967,44.3 / Survey of Excretory Systems,L2974,44.4 / From Blood Filtrate to Urine: A Closer Look,44.3 / Survey of Excretory Systems：比較腎元與後腎管的原尿來源及排泄系統構造。,44.4 / From Blood Filtrate to Urine: A Closer Look：腎元血液過濾與後續修改需對照血液到尿液程序,原表D，釋疑維持D。腎元濾液來自血液，蚯蚓後腎管由腎口接受體腔液；兩者都可配合血管進行選擇性再吸收。公告稱腎元在皮質是簡略說法，部分亨利氏環深入髓質。,"984,985,986,987,988","1033,1034,1035,1036,1037",Codex /root,TCU-107-R2-Q18
TCU-107-Q19,FORMAL,False,D,D,未列已取得同年公告的7筆生物釋疑；依原表記錄，不宣稱沒有其他公告,5,5,1,,questions/Q19.png,4b295b645657f86f3fc07158e2bb2e28a09d144b40b53ba2262be12430964968,L1123,18.2 / Regulation of Chromatin Structure,,,18.2 / Regulation of Chromatin Structure：表觀遺傳以染色質修飾造成持續基因表現變化，對應染色質結構調節。,無另列最小次目；D最接近不改DNA的調控；需染色質穩定調控範圍，未把普通瞬時表現皆稱表觀遺傳。,原表D。DNA甲基化、組蛋白修飾等可在不改DNA鹼基序列下調節表現；選項D的選擇性表現只是寬泛描述，並非所有瞬時轉錄變化都必然屬可遺傳表觀遺傳。,"371,372,373","420,421,422",Codex /root,TCU-107-R2-Q19
TCU-107-Q20,FORMAL,False,B,B,未列已取得同年公告的7筆生物釋疑；依原表記錄，不宣稱沒有其他公告,5,5,1,,questions/Q20.png,ee5e9e291d2be69ab7f6b20ff23384a482a86ee89e3c64ef216b4b1f16830ff0,L1059,17.3 / Alteration of mRNA Ends,L1019,16.2 / Replicating the Ends of DNA Molecules,17.3 / Alteration of mRNA Ends：poly(A)尾形成屬真核轉录後RNA加工。,16.2 / Replicating the Ends of DNA Molecules：端粒酶使用內建RNA模板，與不需模板的poly(A)聚合酶對照,原表B。poly(A)聚合酶以ATP在RNA的3′端添A，不需核酸模板，但仍需受體RNA的3′OH。端粒酶有RNA模板，反轉錄酶及一般轉錄RNA聚合酶亦使用模板。,"328,329,330,345,346","377,378,379,394,395",Codex /root,TCU-107-R2-Q20
TCU-107-Q21,FORMAL,False,A,A,未列已取得同年公告的7筆生物釋疑；依原表記錄，不宣稱沒有其他公告,5,5,1,,questions/Q21.png,80eeae31dfcce1c64a60842db5d8c3c1bb2cc001fe4e580bbb64bccb6a68a340,L3248,49.1 / Glia,L3212,48.3 / Conduction of Action Potentials,49.1 / Glia：星狀膠細胞、微膠細胞、Schwann細胞與寡樹突膠細胞功能辨認。,48.3 / Conduction of Action Potentials：有髓傳導提供Schwann與寡樹突功能對照,原表A。教材1090支持星狀膠細胞促進訊息傳遞；B混淆中樞與周邊，C混淆免疫防禦。但D所述Schwann細胞也可提供支持並非一般科學錯誤：2023研究顯示非髓鞘Schwann細胞的營養支持訊號。現有公告未列Q21，記錄答案唯一性的疑慮而不自行改採D。,"1075,1076,1090,1091","1124,1125,1139,1140",Codex /root,TCU-107-R2-Q21
TCU-107-Q22,FORMAL,False,B,B,維持原答案B,5,5,1,3,questions/Q22.png,72ade0efa81b1552fcade27e00d9d596fedab2c6405530bdb330a6683c746871,L3212,48.3 / Conduction of Action Potentials,L3248,49.1 / Glia,48.3 / Conduction of Action Potentials：髓鞘的電絕緣作用影響動作電位傳導速度。,49.1 / Glia：髓鞘形成膠細胞補充受損構造來源,原表B且公告維持，指II速度減慢。嚴重去髓鞘也可能造成傳導阻斷（III），原研究模型支持此限制；I所述在軸突相反方向移動並非去髓鞘的必然後果。分類已確定，不把科學上的III可能性冒充官方新增採計。,"1075,1076,1090,1091","1124,1125,1139,1140",Codex /root,TCU-107-R2-Q22
TCU-107-Q23,FORMAL,False,A,A,未列已取得同年公告的7筆生物釋疑；依原表記錄，不宣稱沒有其他公告,6,6,1,,questions/Q23.png,ec86bddb8313ce1313cd5ac8df6185d2f3e2442c73225bf6c3a0f1258611a7cb,L0394,6.7 / Cell Junctions,L3248,49.1 / Glia,6.7 / Cell Junctions：腦微血管內皮細胞間緊密連結直接限制旁細胞通行，故細胞連結為主。,49.1 / Glia：星狀膠細胞參與血腦障壁形成及維持，是支持作用,原表A。緊密連結位在內皮細胞間；星狀膠細胞可誘導、維持其功能，寡樹突膠細胞主要形成中樞髓鞘。教材1090只概述膠細胞參與，1987內皮培養研究補充實際連結位置，勿把障壁完全等同星狀膠細胞本身。,"119,120,1090,1091","168,169,1139,1140",Codex /root,TCU-107-R2-Q23
TCU-107-Q24,FORMAL,False,C,C,維持原答案C,6,6,1,3,questions/Q24.png,c9d2805967d6a5911ab289e9d9bf0b5bb64d4dfe3a66642cd685a0c5ed5a61d3,L1091,17.5 / Using CRISPR to Edit Genes and Correct Disease-Causing Mutations,L1199,19.2 / Replicative Cycles of Phages,17.5 / Using CRISPR to Edit Genes and Correct Disease-Causing Mutations：CRISPR-Cas9導引RNA與DNA標的辨別對應基因編輯工具。,19.2 / Replicative Cycles of Phages：噬菌體複製循環正文404包含細菌CRISPR防禦機制,原表C，公告維持C。CRISPR指基因組DNA重複與間隔序列區域，不等同導引RNA；題文guild RNA拼字保留於原圖。A「多數細菌」也過廣，2016研究完整細菌基因組樣本約40.6%有系統，特定未培養樣本更少；這些比例有年代與採樣限制，非全部當代細菌普查。,"360,361,404,405","409,410,453,454",Codex /root,TCU-107-R2-Q24
TCU-107-Q25,FORMAL,False,A,A,未列已取得同年公告的7筆生物釋疑；依原表記錄，不宣稱沒有其他公告,6,6,1,,questions/Q25.png,73eb2335528b7590d9df623195b3f3e3656aa3ef91cc2cb4f7cf560780d87c56,L0539,8.5 / Allosteric Regulation of Enzymes,,,8.5 / Allosteric Regulation of Enzymes：代謝終產物抑制前段酵素是回饋抑制，正文小標歸真實目錄Allosteric Regulation of Enzymes。,無另列最小次目；完整X→Y→Z→A且A回頭結合酵素，負回饋充分；沒有指定結合位，不妄推競爭抑制。,原表A。終產物A累積時抑制X→Y，降低整條路徑通量。題目只給抑制關係，不能額外判定必然競爭活性位或確定特定結合位點。,"160,161","209,210",Codex /root,TCU-107-R2-Q25
TCU-107-Q26,FORMAL,False,D,D,未列已取得同年公告的7筆生物釋疑；依原表記錄，不宣稱沒有其他公告,6,6,1,,questions/Q26.png,d0c7adf2ef651c21854bdaa0380d0e0ca4a66bea7a56b4b1a4a7661196470919,L1013,16.2 / Proofreading and Repairing DNA,,,16.2 / Proofreading and Repairing DNA：移除受損DNA、補回、封口屬DNA校讀與修復。,無另列最小次目；D移除後補回再封口；保留細菌Pol I情境及簡化酵素清單。,原表D：內切核酸酶→DNA polymerase I→DNA ligase。這是細菌核苷酸切除修復簡化排序，未列全部解旋、切除複合體；不能把Pol I當作所有真核生物的同名主要修復酶。,"327,328","376,377",Codex /root,TCU-107-R2-Q26
TCU-107-Q27,FORMAL,False,B,B,未列已取得同年公告的7筆生物釋疑；依原表記錄，不宣稱沒有其他公告,6,6,1,,questions/Q27.png,3b1ba7820b8e60ed7abbc67f739b30c83984c8f2cef19bb131331392f62debbc,L1327,21.4 / Transposable Elements and Related Sequences,L1728,27.2 / Genetic Recombination,21.4 / Transposable Elements and Related Sequences：轉位因子在基因組內移動及造成變異是題目主體。,27.2 / Genetic Recombination：質體細菌間轉移需比較接合與DNA轉移,原表B。但選項「可以協助質體由一細菌到另一細菌」不能以「轉位子絕不參與接合」排除：1995 Tn916 oriT研究實測可動員質體嵌合體。基礎教材將轉位與F質體接合分述，進階存在接合型轉位子；C能主導所需蛋白也須限於具功能編碼的自主轉位子；非自主元件可依賴其他元件。保留原表與概括過強的差異，不自行宣告官方改答案。,"451,452,453,579,580,581","500,501,502,628,629,630",Codex /root,TCU-107-R2-Q27
TCU-107-Q28,FORMAL,False,D,D,未列已取得同年公告的7筆生物釋疑；依原表記錄，不宣稱沒有其他公告,6,6,1,,questions/Q28.png,739f10375b2e999f947668ff72958b796f9090317846b54cb403c1745fcdac45,L0885,14.2 / Solving Complex Genetics Problems with the Rules of Probability,L0882,14.2 / The Multiplication and Addition Rules Applied to Monohybrid Crosses,14.2 / Solving Complex Genetics Problems with the Rules of Probability：四對獨立分配基因的特定基因型概率以乘法法則計算。,14.2 / The Multiplication and Addition Rules Applied to Monohybrid Crosses：獨立分配與各單因子分离為概率前提,原表D。F1為AaBbCcDd，Aa×Aa得到Aa為1/2、BB為1/4、cc為1/4、Dd為1/2，AaBBccDd合為1/64。另以16×16配子組合枚舉核算4/256；不把異合型機率當1/4。,"276,277,278","325,326,327",Codex /root,TCU-107-R2-Q28
TCU-107-Q29,FORMAL,False,B,B,未列已取得同年公告的7筆生物釋疑；依原表記錄，不宣稱沒有其他公告,6,6,1,,questions/Q29.png,9d27694b6959ac9bd47069e274c15315c566dc1366ea642339a44e256b280daf,L1163,18.5 / Types of Genes Associated with Cancer,L0792,12.3 / Loss of Cell Cycle Controls in Cancer Cells,18.5 / Types of Genes Associated with Cancer：原致癌基因及致癌基因變化對應與癌症相關基因種類。,12.3 / Loss of Cell Cycle Controls in Cancer Cells：細胞週期控制失常是生理後果,原表B。proto-oncogene本為調節生長、分裂的正常基因，突變或過度表現可成致癌因素；不是所有正常基因都致癌，也不是必然由病毒首次帶入。,"248,249,388,389,390","297,298,437,438,439",Codex /root,TCU-107-R2-Q29
TCU-107-Q30,FORMAL,False,D,D,未列已取得同年公告的7筆生物釋疑；依原表記錄，不宣稱沒有其他公告,6,6,1,,questions/Q30.png,85031db809757811af15110c8433603503ea3776958784f82be5354ce43d5606,L2093,33.1 / Sponges are basal animals that lack tissues,,,33.1 / Sponges are basal animals that lack tissues：海綿構造與領細胞、孔道系統屬Porifera最小條目。,無另列最小次目；原圖D單層與教材雙層加中膠層不符；其餘領細胞和淡水海綿敘述不能藉此刪掉。,原表D。海綿具有內外細胞層及膠狀中膠層，非只有單層細胞；教材分類下沒有真正組織，領細胞驅動水流。部分海綿淡水生，不能一律海生。,"690,691","739,740",Codex /root,TCU-107-R2-Q30
TCU-107-Q31,FORMAL,False,C,C,未列已取得同年公告的7筆生物釋疑；依原表記錄，不宣稱沒有其他公告,7,7,1,,questions/Q31.png,31eca1a4b21ac8575a31b5d67fbdeffccd1a195f3bea41f31bde2d4401a0954e,L2944,44.1 / Osmoregulatory Challenges and Mechanisms,L2957,44.2 / Forms of Nitrogenous Waste,44.1 / Osmoregulatory Challenges and Mechanisms：鯊魚保留尿素與海水滲透關係屬滲透調節挑戰。,44.2 / Forms of Nitrogenous Waste：尿素兼具含氮廢物與可留存滲透溶質角色,原表C。鯊魚尿素與TMAO等使總滲透濃度接近或略高海水，不是血中NaCl與海水相同，也不由水通道直接偵測環境。題幹「相同」是近似。,"978,979,980,982,983","1027,1028,1029,1031,1032",Codex /root,TCU-107-R2-Q31
TCU-107-Q32,FORMAL,False,A,A,未列已取得同年公告的7筆生物釋疑；依原表記錄，不宣稱沒有其他公告,7,7,1,,questions/Q32.png,8e73b7dbd1e4baa5caed80755ac5092611c405a4f61487faef729305491aa518,L2557,39.2 / A Survey of Plant Hormones,L2564,39.3 / Blue-Light Photoreceptors,39.2 / A Survey of Plant Hormones：生長素分布不均造成莖背光側伸長，屬植物激素機制。,39.3 / Blue-Light Photoreceptors：向光性及藍光反應為刺激到生長素重分布的關聯,原表A。單側光後背光側伸長較多使莖彎向光；C把胚芽鞘頂端與頂端分生組織用語混在一起，不能因此把生長素向下運輸機制一概否認。此為莖，根對濃度的伸長反應可能不同。,"845,846,847,848,849,855,856","894,895,896,897,898,904,905",Codex /root,TCU-107-R2-Q32
TCU-107-Q33,FORMAL,False,D,D,未列已取得同年公告的7筆生物釋疑；依原表記錄，不宣稱沒有其他公告,7,7,1,,questions/Q33.png,ac274bb7253c7116ac692b4924ca7fbd0917580fa066706394316d4e03930daf,L2557,39.2 / A Survey of Plant Hormones,,,39.2 / A Survey of Plant Hormones：乙烯參與果實成熟和葉脫落，對應植物激素概覽最小條目。,無另列最小次目；A/C是重疊類別，D乙烯最合題意；成熟及脫落正文於同一真實目錄葉。,原表D。乙烯促進相關成熟、脫落反應並和auxin交互作用；IAA就是一種auxin，A與C不是獨立激素大類。不能說所有果實成熟都同樣依賴乙烯躍變。,"847,848,853,854","896,897,902,903",Codex /root,TCU-107-R2-Q33
TCU-107-Q34,FORMAL,False,C,C,未列已取得同年公告的7筆生物釋疑；依原表記錄，不宣稱沒有其他公告,7,7,1,,questions/Q34.png,e3ef24756bdfe20d6deaa5905486d3c82af519b2ff5ddfed8840d86db38daf71,L2980,44.4 / Adaptations of the Vertebrate Kidney to Diverse Environments,L2977,44.4 / Solute Gradients and Water Conservation,44.4 / Adaptations of the Vertebrate Kidney to Diverse Environments：沙漠哺乳類長亨利氏環為脊椎動物腎臟環境適應。,44.4 / Solute Gradients and Water Conservation：髓質溶質梯度及水分保留解釋長環效果,原表C。較多近髓質腎元與長環有助建立高滲梯度、濃縮尿液；環的長短是可受選擇的差異，不是個體因需要而目的性長出。正文989對Australian hopping mice誤稱小有袋類不沿用，991的哺乳類腎臟比較為本題依據。,"985,986,989,990,991,992,993","1034,1035,1038,1039,1040,1041,1042",Codex /root,TCU-107-R2-Q34
TCU-107-Q35,FORMAL,False,A,A,未列已取得同年公告的7筆生物釋疑；依原表記錄，不宣稱沒有其他公告,7,7,1,,questions/Q35.png,561ecfc4cd91fc79b9510f753df0f7e66b8aa88dc86803d1499593fa2b1dcc21,L0665,10.4 / The Calvin cycle uses the chemical energy of ATP and NADPH to reduce CO2 to sugar,L0631,10.2 / Chloroplasts: The Sites of Photosynthesis in Plants,10.4 / The Calvin cycle uses the chemical energy of ATP and NADPH to reduce CO2 to sugar：Calvin循環所在地及功能對應10.4概念；真實目錄未再列其三階段為葉。,10.2 / Chloroplasts: The Sites of Photosynthesis in Plants：葉綠體構造區分基質、類囊體膜與腔,原表A。Calvin循環酵素主要在葉綠體基質；類囊體膜為光反應電子傳遞與ATP合成相關結構，不是Calvin循環所在地。,"189,190,191,201,202","238,239,240,250,251",Codex /root,TCU-107-R2-Q35
TCU-107-Q36,FORMAL,False,C,C,維持原答案C,7,7,1,3,questions/Q36.png,55ad344198f39903f786676e36a12dc628d7703ae31ce024e84b183ff259051a,L0676,10.5 / C4 Plants,L0673,10.5 / Photorespiration: An Evolutionary Relic?,10.5 / C4 Plants：C4初始固定酵素及細胞分工是直接最小考點。,10.5 / Photorespiration: An Evolutionary Relic?：光呼吸是C4濃縮CO2機制降低的代價,原表C且釋疑維持C。PEP carboxylase先在葉肉細胞固定CO2形成四碳產物，再到維管束鞘釋出CO2供Rubisco。公告將初始固定寫在維管束鞘，與教材204圖10.19不符；原題為「無明顯光呼吸」，公告說不會進行且稱為消耗過多光反應產物；教材以Rubisco氧合及濃縮CO2解釋，不作目的性推論。答案C保留，錯誤理由不沿用。,"203,204,205","252,253,254",Codex /root,TCU-107-R2-Q36
TCU-107-Q37,FORMAL,False,C,C,未列已取得同年公告的7筆生物釋疑；依原表記錄，不宣稱沒有其他公告,7,7,1,,questions/Q37.png,f9d46b9596009d2aa1057e3badfe0b05f4528c4e77e5657b2704d4c396ddac5c,L0673,10.5 / Photorespiration: An Evolutionary Relic?,,,10.5 / Photorespiration: An Evolutionary Relic?：Rubisco氧合反應造成光呼吸耗能與碳損失。,無另列最小次目；原圖C是產CO2、耗ATP及O2，與氧合回收吻合，不混成粒線體氧化磷酸化。,原表C。光呼吸消耗O2，回收流程需能量並釋CO2，不能說它產生ATP以驅動Calvin循環。C4及CAM減少此損失而非使所有狀況絕對歸零。,"203,204","252,253",Codex /root,TCU-107-R2-Q37
TCU-107-Q38,FORMAL,False,C,C,未列已取得同年公告的7筆生物釋疑；依原表記錄，不宣稱沒有其他公告,7,7,1,,questions/Q38.png,610b348292dfbb002e8bf69bc310d83219e8384885a8538d95af5c23a781973b,L0665,10.4 / The Calvin cycle uses the chemical energy of ATP and NADPH to reduce CO2 to sugar,,,10.4 / The Calvin cycle uses the chemical energy of ATP and NADPH to reduce CO2 to sugar：Calvin循環再生RuBP的碳數與ATP消耗屬10.4最小真實概念。,無另列最小次目；5×3=3×5，需ATP；C不變，整輪9ATP與再生3ATP分開。,原表C。五個三碳G3P共15C重排成三個五碳RuBP共15C，並消耗3 ATP；不是再生ATP。淨出一G3P的整輪成本另為9 ATP與6 NADPH，不能混為此單一步驟。,"201,202","250,251",Codex /root,TCU-107-R2-Q38
TCU-107-Q39,FORMAL,False,C,C,未列已取得同年公告的7筆生物釋疑；依原表記錄，不宣稱沒有其他公告,7,7,1,,questions/Q39.png,f8134a3c907a5e481dec724947172412afe7eab5844ef10fea757f4801c76d0e,L0466,7.5 / Endocytosis,L0388,6.7 / Cell Walls of Plants,7.5 / Endocytosis：吞噬為膜包裹大型顆粒的胞吞，細胞壁限制偽足伸展。,6.7 / Cell Walls of Plants：植物細胞壁構造提供限制原因,原表C。細胞壁使整體吞噬大型食物顆粒困難；不等於有細胞壁就不能進行任何內吞，小囊泡胞吞、載體運輸與滲透不可混同。,"118,119,139,140","167,168,188,189",Codex /root,TCU-107-R2-Q39
TCU-107-Q40,FORMAL,False,D,D,維持原答案D,8,8,1,4,questions/Q40.png,1eee192ed6add082997d8afac16933458c617b5e758bb3f108e345e6dd8d91f8,L2576,39.3 / Photoperiodism and Responses to Seasons,L2567,39.3 / Phytochrome Photoreceptors,39.3 / Photoperiodism and Responses to Seasons：光週期開花及連續暗期是最小直接考點。,39.3 / Phytochrome Photoreceptors：光敏素協助感受光照時機，不能只以總時數替代連續夜長,原表D且公告維持D。教材859分清日間短暫黑暗和夜間短暫照光；長日植物通常是短夜植物。公告以夜間照光的結論回答日間中斷，推論方向不符，典型夜長模型可容許B。實驗物種與中斷時長未充分指定，不把教材模型當成所有物種B的證明，也不擅改官方D。,"856,857,858,859,860,861","905,906,907,908,909,910",Codex /root,TCU-107-R2-Q40
TCU-107-Q41,FORMAL,False,C,C,未列已取得同年公告的7筆生物釋疑；依原表記錄，不宣稱沒有其他公告,8,8,1,,questions/Q41.png,96fc84f997511b0d978ed4d0f29d6229f34dd14c9ab0d057cfbe642e43806c66,L2596,39.5 / Defenses Against Pathogens,,,39.5 / Defenses Against Pathogens：感染誘發植物抗菌物質屬防禦病原最小條目。,無另列最小次目；英文專名與真菌感染情境完整；原研究camalexin補正文專名不足，主植物防禦病原。,原表C。phytoalexins是受誘導累積的抗菌次級代謝物，例如阿拉伯芥camalexin；題文中文「植物防禦素」不應混同蛋白質defensins。教材866–869涵蓋誘導防禦，未直接詳述此專名，以原始camalexin研究補充。,"866,867,868,869","915,916,917,918",Codex /root,TCU-107-R2-Q41
TCU-107-Q42,FORMAL,False,B,B,未列已取得同年公告的7筆生物釋疑；依原表記錄，不宣稱沒有其他公告,8,8,1,,questions/Q42.png,48cce74b9928268c60518c7f91907c3dcca5d9aede00c1e1ae1f899c067deab2,L2463,37.3 / Bacteria and Plant Nutrition,L1738,27.3 / Nitrogen Metabolism,37.3 / Bacteria and Plant Nutrition：根瘤菌與豆科根瘤的固氮互利為直接考點。,27.3 / Nitrogen Metabolism：原核生物代謝多樣性提供固氮能力背景,原表B。根瘤菌感染與分化形成互利根瘤供氮，非正常情形使植物死亡；不要把感染一詞等同致病。,"582,583,814,815,816,817","631,632,863,864,865,866",Codex /root,TCU-107-R2-Q42
TCU-107-Q43,FORMAL,False,B,B,未列已取得同年公告的7筆生物釋疑；依原表記錄，不宣稱沒有其他公告,8,8,1,,questions/Q43.png,cee796e5feb0b73155482c7adb267f2e9cbc5b77b50ca990775b181ae5f4055a,L0662,10.3 / A Comparison of Chemiosmosis in Chloroplasts and Mitochondria,L0585,9.4 / Chemiosmosis: The Energy-Coupling Mechanism,10.3 / A Comparison of Chemiosmosis in Chloroplasts and Mitochondria：光反應及呼吸鏈皆透過跨膜H+梯度與ATP合成酶耦合。,9.4 / Chemiosmosis: The Energy-Coupling Mechanism：氧化磷酸化的化學滲透為被比較機制,原表B。電子傳遞、質子動力勢與ATP合成酶是共通點；光反應用光能和水供電子，呼吸鏈常用還原型輔酶，不能說全部電子來源相同。不是受質層次磷酸化。,"175,176,177,199,200,201","224,225,226,248,249,250",Codex /root,TCU-107-R2-Q43
TCU-107-Q44,FORMAL,False,A,A,維持原答案A,8,8,1,4,questions/Q44.png,5e5a4b928d5ba8cd44e7f099651ca6982186da3d4cadc99f48771c1662032e35,L1455,23.3 / Genetic Drift,L1458,23.3 / Gene Flow,23.3 / Genetic Drift：小而隔離的族群在相同環境中出現不同等位固定，最可能是遺傳漂變。,23.3 / Gene Flow：基因流作為隔離程度的比較解釋,原表A，公告維持A。兩個族群分別有40個XaXa個體及25個XAXA個體，呈分歧固定（a/A為原圖X的上標）；距離遠支持基因流少但不證明為零，相同棲地也不排除一切選擇。題意問最可能，不沿用公告「僅可能」為唯一機制證明；X基因座不必是X染色體。,"494,495,496","543,544,545",Codex /root,TCU-107-R2-Q44
TCU-107-Q45,FORMAL,False,D,D,未列已取得同年公告的7筆生物釋疑；依原表記錄，不宣稱沒有其他公告,8,8,1,,questions/Q45.png,228272c69cbefa276cca80c0d32c0f0435bff8a4420147e4f59a7c04db6e5955,L1409,22.3 / Direct Observations of Evolutionary Change,L1202,19.2 / Replicative Cycles of Animal Viruses,22.3 / Direct Observations of Evolutionary Change：耐藥HIV在AZT選擇下增加是自然選擇的直接例子。,19.2 / Replicative Cycles of Animal Viruses：HIV複製與反轉錄酶提供抗病毒藥物作用背景,原表D。原有或複製時產生的耐藥變異受藥物篩選，敏感株下降而耐藥株相對增加；不是病毒因需要而定向突變，不必假設重新感染。教材提供抗藥選擇及HIV機制，不冒稱所列段直接測試本題病人的AZT。,"404,405,406,477,478","453,454,455,526,527",Codex /root,TCU-107-R2-Q45
TCU-107-Q46,FORMAL,False,C,C,未列已取得同年公告的7筆生物釋疑；依原表記錄，不宣稱沒有其他公告,8,8,1,,questions/Q46.png,62dfb43ba6f57f01591d1abc0ced17fd3967ed8634975f72a8fb67c25bcb37b2,L2283,"35.1 / Vascular Plant Organs: Roots, Stems, and Leaves",L2300,35.3 / Primary Growth of Roots,"35.1 / Vascular Plant Organs: Roots, Stems, and Leaves：根毛為根表皮細胞延伸，直接對應Roots葉。",35.3 / Primary Growth of Roots：根初生生長提供表皮分化與側根來源比較,原表C。根毛是一表皮細胞的延伸，非多細胞側根；側根起自內鞘，不能互換。,"759,760,761,768,769","808,809,810,817,818",Codex /root,TCU-107-R2-Q46
TCU-107-Q47,FORMAL,False,A,A,未列已取得同年公告的7筆生物釋疑；依原表記錄，不宣稱沒有其他公告,8,8,1,,questions/Q47.png,eea4e080b04165d46a086ea1d430d8f8861491b26de53b92d6699958f554fbf4,L2381,36.3 / Bulk Flow Transport via the Xylem,L2365,36.2 / Short-Distance Transport of Water Across Plasma Membranes,36.3 / Bulk Flow Transport via the Xylem：蒸散造成葉壁負壓並以內聚張力拉升木質液。,36.2 / Short-Distance Transport of Water Across Plasma Membranes：水勢梯度提供方向與驅動力,原表A。葉肉細胞壁的水蒸發形成張力、降低水勢，水沿梯度補入；原題的「葉肉為負壓」需區分細胞壁質外體負壓與活細胞通常正膨壓。水分充足只是條件，沒有完整阻力與梯度數值不能算絕對最大流量。,"788,789,790,791,792,793,794,795","837,838,839,840,841,842,843,844",Codex /root,TCU-107-R2-Q47
TCU-107-Q48,FORMAL,False,A,A,未列已取得同年公告的7筆生物釋疑；依原表記錄，不宣稱沒有其他公告,9,9,1,,questions/Q48.png,fc84c13ce8a606f087858cec7bf769ba1756c94124c723fe5d2425af01ecab85,L0656,10.3 / Linear Electron Flow,L0662,10.3 / A Comparison of Chemiosmosis in Chloroplasts and Mitochondria,10.3 / Linear Electron Flow：圖中A是PSII放氧端，以線性電子流辨識水分解位置。,10.3 / A Comparison of Chemiosmosis in Chloroplasts and Mitochondria：E是ATP合成酶，需以化學滲透辨識ADP與Pi反應位置,原表A。A處H2O→1/2 O2+2H+ +2e−，E處ADP+Pi合成ATP；B為中間電子鏈，C為PSI，D是類囊體腔。原圖分數1/2、A–E位置完整保留，不能只看文字層辨反應。,"197,198,199,200","246,247,248,249",Codex /root,TCU-107-R2-Q48
TCU-107-Q49,FORMAL,False,C,C,未列已取得同年公告的7筆生物釋疑；依原表記錄，不宣稱沒有其他公告,9,9,1,,questions/Q49.png,1b3a628770a63991d38747a56e7d5741d881b696dbaf15f8172d8586e174b270,L0665,10.4 / The Calvin cycle uses the chemical energy of ATP and NADPH to reduce CO2 to sugar,,,10.4 / The Calvin cycle uses the chemical energy of ATP and NADPH to reduce CO2 to sugar：Calvin循環利用ATP及NADPH將CO2轉為有機碳。,無另列最小次目；C應是NADPH失去還原當量而被氧化，G3P才是直接淨產物；未把葡萄糖簡稱當直接產物。,原表C。ATP提供能量，NADPH提供還原力並被氧化為NADP+；直接淨產物是G3P，之後可形成葡萄糖等，不是整個循環一步直接排出葡萄糖。,"201,202","250,251",Codex /root,TCU-107-R2-Q49
TCU-107-Q50,FORMAL,False,D,D,未列已取得同年公告的7筆生物釋疑；依原表記錄，不宣稱沒有其他公告,9,9,1,,questions/Q50.png,a1c849ce76f0945c3adba45a358c252ae9681d91942d06e5d7ae8ca81c77277f,L2527,38.3 / Plant Biotechnology and Genetic Engineering,L1283,20.4 / Agricultural Applications,38.3 / Plant Biotechnology and Genetic Engineering：農桿菌介導植物轉基因屬植物生物技術與基因工程。,20.4 / Agricultural Applications：DNA工具的農業應用補充轉基因目的,原表D。Agrobacterium的Ti質體/T-DNA系統可將外源基因導入植物細胞；本地教材837談農桿菌天然水平轉移但未細列Ti系統。1983原研究以改造Ti質體導入矮牽牛與菸草細胞補足直接機制，不把整個Ti質體都說成必然完整整合。,"437,438,837,838","486,487,886,887",Codex /root,TCU-107-R2-Q50
