題號,分類狀態,待審,原答案,採計答案,釋疑,本地原卷PDF頁,官方混科卷生物PDF頁,原卷印刷頁,答案PDF頁,釋疑PDF頁,原圖,原圖SHA256,主條目ID,主分類,次條目ID,次分類,主分類理由,次分類理由,科學說明,課本印刷頁,課本PDF頁,覆核者,覆核紀錄
ISU-115-Q01,FORMAL,False,D,D,同年度釋疑維持原答案D,1,24,1,1,7,questions/Q01.png,e33f0e2458f05f1a90007afd8f4674c9faa5c0b6dae89e77f66a94f549f3e461,L0676,10.5 / C4 Plants,,,10.5 / C4 Plants：題幹問送往何處進行C4植物的後續固碳，須區別葉肉初次固定與維管束鞘Calvin循環。,無另列最小次條目；同年度釋疑保留D；分類確定為C4 Plants，葉肉也有初次固定的科學界線保留。,官方D且釋疑維持D。PEP羧化酶在葉肉先將無機碳固定成四碳酸，再送到維管束鞘釋放CO2供Calvin循環；不能把釋疑的「只捕捉」擴張成葉肉不發生初次碳固定。,"203,204","252,253",Codex /root,ISU-115-R2-Q01
ISU-115-Q02,FORMAL,False,B,B,未列於本輪取得115生物釋疑PDF7下方至8；依同年度答案PDF1最下方生物表採計,1,24,1,1,,questions/Q02.png,348adcd7ab9c141d5265ce36a49e5725d57a36cbfdcd66835e4af1157954a16a,L0608,9.6 / The Versatility of Catabolism,,,9.6 / The Versatility of Catabolism：考脂肪酸分解如何匯入中央呼吸途徑，屬分解代謝多樣性。,無另列最小次條目；乙醯CoA為所問匯入形式，分類在分解代謝多樣性，不依選項字面另加每個循環條目。,B。一般脂肪酸β氧化產生乙醯CoA，進入檸檬酸循環；不能寫成脂肪直接進入糖解作用。題目採一般路徑，非逐一列出所有特殊脂肪酸的末端產物。,"182,183","231,232",Codex /root,ISU-115-R2-Q02
ISU-115-Q03,FORMAL,False,B,B,未列於本輪取得115生物釋疑PDF7下方至8；依同年度答案PDF1最下方生物表採計,1,24,1,1,,questions/Q03.png,a5e57c25fe329536811e727237096eaae651077158823308b759506d6fac0c7a,L1010,16.2 / DNA Replication: A Closer Look,,,16.2 / DNA Replication: A Closer Look：解旋酶拆開複製叉的DNA雙股，屬複製機制。,無另列最小次條目；B與複製叉機制一致，不把topoisomerase當解開配對雙股的主角。,B。解旋酶分開配對股；拓樸異構酶處理複製叉前的扭轉應力，連接酶接合DNA片段，引發酶製造引子。,"322,323,324","371,372,373",Codex /root,ISU-115-R2-Q03
ISU-115-Q04,FORMAL,False,C,C,未列於本輪取得115生物釋疑PDF7下方至8；依同年度答案PDF1最下方生物表採計,1,24,1,1,,questions/Q04.png,ba9078f6067bdd4c46f5dd3e58e4eb585abed156bbbb8a65319b2b26e3e7922a,L2394,36.4 / Mechanisms of Stomatal Opening and Closing,,,36.4 / Mechanisms of Stomatal Opening and Closing：離子吸收改變保衛細胞水勢與膨壓，直接屬氣孔開閉機制。,無另列最小次條目；氣孔開啟機制最直接；一般膜運輸只是基礎背景，不另列次條目。,C。K+累積使保衛細胞水勢降低，水進入後膨壓增加；這不表示氣孔調節只有鉀離子，陰離子、有機溶質及其他訊號也參與。,"797,798","846,847",Codex /root,ISU-115-R2-Q04
ISU-115-Q05,FORMAL,False,B,B,未列於本輪取得115生物釋疑PDF7下方至8；依同年度答案PDF1最下方生物表採計,1,24,1,1,,questions/Q05.png,b68f743d8bc315e9b458033c408a796e2f2e02b1e082dc2b3cf15a84de3b0c9e,L2967,44.3 / Survey of Excretory Systems,,,44.3 / Survey of Excretory Systems：腎臟子節介紹腎絲球與濾液形成，提供血中肌酸酐反映濾過的構造基礎；此為實際目錄最小條目。,無另列最小次條目；GFR題落在排泄系統概覽中的腎臟與腎元濾過，採真實最小條目2967；肌酸酐特定用途由NIDDK補足。,B。血清肌酸酐可用於估算GFR，並非直接、精確測得濾過率。Campbell提供濾過框架；NIDDK資料補充肌酸酐估算的臨床界線。,"985,986,987,988","1034,1035,1036,1037",Codex /root,ISU-115-R2-Q05
ISU-115-Q06,FORMAL,False,A,A,未列於本輪取得115生物釋疑PDF7下方至8；依同年度答案PDF1最下方生物表採計,1,24,1,1,,questions/Q06.png,032fa884f1765a45f520032a90200319182d74cc61bf4c07ec304d0e8adc72d3,L0724,11.3 / Small Molecules and Ions as Second Messengers,L0711,11.2 / Intracellular Receptors,11.3 / Small Molecules and Ions as Second Messengers：題目比較典型細胞內第二傳訊分子，直接對應第二傳訊者條目。,11.2 / Intracellular Receptors：對照NO穿膜後作用於細胞內受體，解釋本書的分類措辭。,官方A。Campbell在第二傳訊者段落舉cAMP、Ca2+與IP3，並在細胞內受體段落介紹NO；但Purves教材也把NO列為非典型第二傳訊者。因此保留原題「常見」限定，不能教成NO在所有情境都不是第二傳訊者。,"220,222,223,224,225","269,271,272,273,274",Codex /root,ISU-115-R2-Q06
ISU-115-Q07,FORMAL,False,C,C,未列於本輪取得115生物釋疑PDF7下方至8；依同年度答案PDF1最下方生物表採計,1,24,1,1,,questions/Q07.png,a5da4efa88ed8ea242b74c7a034191c5884a49e8c47365361c5b7f2f504ac6e2,L1709,27.1 / Cell-Surface Structures,,,27.1 / Cell-Surface Structures：辨認細菌細胞壁的化學結構，屬原核細胞表面構造。,無另列最小次條目；C確認，原核細胞表面構造足以涵蓋，不把干擾選項全加入次分類。,C。肽聚醣為典型細菌細胞壁成分；纖維素與幾丁質分屬其他生物的常見細胞壁材料。題目不是說所有細菌都有細胞壁。,"574,575","623,624",Codex /root,ISU-115-R2-Q07
ISU-115-Q08,FORMAL,False,B,B,未列於本輪取得115生物釋疑PDF7下方至8；依同年度答案PDF1最下方生物表採計,1,24,1,1,,questions/Q08.png,d4de1ff5ada786c129242ca49c89c59b2503fa98afa6c3cde62d5d0fde7a1023,L0582,9.4 / The Pathway of Electron Transport,,,9.4 / The Pathway of Electron Transport：直接詢問粒線體電子傳遞鏈的膜定位。,無另列最小次條目；內膜電子傳遞鏈最切題，主項不換成單純粒線體外形。,B。電子傳遞鏈位於粒線體內膜；基質含檸檬酸循環多數酵素，外膜不是主要呼吸鏈位置。,"174,175","223,224",Codex /root,ISU-115-R2-Q08
ISU-115-Q09,FORMAL,False,A,A,未列於本輪取得115生物釋疑PDF7下方至8；依同年度答案PDF1最下方生物表採計,1,24,1,1,,questions/Q09.png,261196a9a89096d9dbf0792e6048ae19472f3ab43bd16c698835b9d224fc32ab,L3258,49.2 / Biological Clock Regulation,,,49.2 / Biological Clock Regulation：SCN是哺乳類日夜節律的同步中樞，直接屬生物時鐘調控。,無另列最小次條目；教材以哺乳類SCN支援A；原題脊椎動物措辭較廣，說明使用具體哺乳類機制，不宣稱每類脊椎動物時鐘完全相同。,A。視交叉上核位於下視丘，接收眼部光週期訊息並同步身體時鐘；松果腺等相關器官不等於主時鐘所在地。,"1091,1094,1095","1140,1143,1144",Codex /root,ISU-115-R2-Q09
ISU-115-Q10,FORMAL,False,D,D,未列於本輪取得115生物釋疑PDF7下方至8；依同年度答案PDF1最下方生物表採計,1,24,1,1,,questions/Q10.png,074470d2b756b3cda3f21360dc6b9a40ac4a087b8f2b3016e8b1e839b89d8a77,L3516,52.4 / Abiotic Factors,L3503,52.3 / Zonation in Aquatic Biomes,52.4 / Abiotic Factors：以棲地條件判斷物種分布，鹽度與水分等非生物因子最直接。,52.3 / Zonation in Aquatic Biomes：用水域生物群系的鹽度與濕地情境區別河口紅樹林與內陸湖泊。,D。台江官方資料記載四草五梨跤、欖李、海茄苳及少量人工復育水筆仔；陽明山資料指出臺灣水韭的野生棲地為夢幻湖。原D「台灣水韮」字形及B「欖李海茄苳」連寫照存，不自行改成一個物種名。地點與物種由在地官方來源支援，Campbell支援分布原理。,"1177,1178,1179,1184,1185","1226,1227,1228,1233,1234",Codex /root,ISU-115-R2-Q10
ISU-115-Q11,FORMAL,False,A,A,未列於本輪取得115生物釋疑PDF7下方至8；依同年度答案PDF1最下方生物表採計,1,24,1,1,,questions/Q11.png,7b2dca555c2327c886ea0274ba41396f475d0181f2a8575c88fbb636ea1fd16d,L2853,42.7 / Respiratory Pigments,,,42.7 / Respiratory Pigments：本節血液氣體運輸段落說明CO2主要以碳酸氫根運送。,無另列最小次條目；HCO3−佔主要比例，正文在Respiratory Pigments後段；不另虛構CO2運輸目錄葉節。,A。大部分CO2轉為HCO3−運送於血漿，部分溶解或結合血紅素；不是大部分都直接結合血紅素，也不是由血小板運送。,"948,949","997,998",Codex /root,ISU-115-R2-Q11
ISU-115-Q12,FORMAL,False,C,C,同年度釋疑維持原答案C,2,25,2,1,7,questions/Q12.png,6ea11ca7041550865147d36e161e9b040760d6506473251507655e3f2f5cd150,L1199,19.2 / Replicative Cycles of Phages,,,19.2 / Replicative Cycles of Phages：裂解循環的宿主破裂與新噬菌體釋出是本題核心。,無另列最小次條目；裂解週期分類確定；官方膜先突破說法保留為來源差異，不泛化至所有噬菌體。,官方C，釋疑維持C。膜破裂伴隨噬菌體釋出；Campbell的T4圖同時描述酵素分解細胞壁並導致裂解。釋疑以壁位於膜外推論「須先突破膜」屬其解釋，不能僅憑空間位置推得所有噬菌體裂解事件的固定先後；細菌也沒有真核式溶小體。,"402,403","451,452",Codex /root,ISU-115-R2-Q12
ISU-115-Q13,FORMAL,False,B,B,未列於本輪取得115生物釋疑PDF7下方至8；依同年度答案PDF1最下方生物表採計,2,25,2,1,,questions/Q13.png,6d9627adb9b7d591ef8e8279abf9255d41d001ab93060ccaf3066433d37e6546,L0268,5.4 / Protein Structure and Function,L1274,20.4 / Medical Applications,5.4 / Protein Structure and Function：題幹已給蛋白質表現，療效仍不同，選項中的功能性折疊最能連結結構與功能。,20.4 / Medical Applications：基因治療是這個蛋白功能問題的應用背景，另保存醫療應用條目。,B為所列選項最佳解釋：有蛋白產生不保證正確折疊或具足夠功能。僅有這些現象不能在真實患者中確診折疊就是唯一療效差異來源。,"82,83,434,435","131,132,483,484",Codex /root,ISU-115-R2-Q13
ISU-115-Q14,FORMAL,False,B,B,未列於本輪取得115生物釋疑PDF7下方至8；依同年度答案PDF1最下方生物表採計,2,25,2,1,,questions/Q14.png,9bcb2fe7232fc0336190454c5520b4f0e4c5b1b4edcc61c4a1ac876f7176f637,L0595,9.5 / Types of Fermentation,L0585,9.4 / Chemiosmosis: The Energy-Coupling Mechanism,9.5 / Types of Fermentation：乳酸增加指向乳酸發酵維持NAD+與糖解ATP供應。,9.4 / Chemiosmosis: The Energy-Coupling Mechanism：粒線體呼吸受抑制和ATP下降須另對照氧化磷酸化的能量偶聯。,B。乳酸增加符合呼吸受抑後糖解及乳酸發酵補償，但這條路徑每葡萄糖ATP較少；不能由此斷言檸檬酸循環必增強或所有癌細胞均有相同代謝表型。,"175,176,180,181","224,225,229,230",Codex /root,ISU-115-R2-Q14
ISU-115-Q15,FORMAL,False,A,A,未列於本輪取得115生物釋疑PDF7下方至8；依同年度答案PDF1最下方生物表採計,2,25,2,1,,questions/Q15.png,0b9addf00182aa342fccde21caae61215d03670696627bd7260c257e921da347,L1274,20.4 / Medical Applications,L2930,43.4 / Cancer and Immunity,20.4 / Medical Applications：取出T細胞、體外基因改造後回輸，是基因治療的醫療應用。,43.4 / Cancer and Immunity：癌症與免疫條目說明改造T細胞辨識並攻擊癌細胞的目的。,A。NCI所述常規自體CAR-T製程在體外改造與擴增後回輸。原題有「大多數」範圍，不擴張為不存在體內製造CAR-T的研究，也不是改造生殖細胞。,"434,435,974,975","483,484,1023,1024",Codex /root,ISU-115-R2-Q15
ISU-115-Q16,FORMAL,False,C,C,未列於本輪取得115生物釋疑PDF7下方至8；依同年度答案PDF1最下方生物表採計,2,25,2,1,,questions/Q16.png,12670fe2746c28d0df3ee63a746c71650cb6f8392575f0cab412db5fab1791f2,L1274,20.4 / Medical Applications,L1202,19.2 / Replicative Cycles of Animal Viruses,20.4 / Medical Applications：比較基因遞送載體的治療選擇，主分類為生物技術醫療應用。,19.2 / Replicative Cycles of Animal Viruses：動物病毒遞送遺傳物質的基本機制支援AAV載體背景。,官方C是本題的相對比較。AAV可作基因遞送載體，但DNA包裝容量有限；「免疫原性低、安全性佳」不能解讀成沒有免疫反應或任何劑量都安全。FDA已記錄特定AAVrh74治療的嚴重肝損傷風險。,"404,405,434,435","453,454,483,484",Codex /root,ISU-115-R2-Q16
ISU-115-Q17,FORMAL,False,D,D,未列於本輪取得115生物釋疑PDF7下方至8；依同年度答案PDF1最下方生物表採計,2,25,2,1,,questions/Q17.png,906f3d2db915bb1ee483fc68ced89a00bc2e900f013c8d4a2c46758599067294,L0789,12.3 / The Cell Cycle Control System,L1166,18.5 / Interference with Normal Cell-Signaling Pathways,12.3 / The Cell Cycle Control System：DNA損傷仍進行分裂，最直接是細胞週期檢查點失控。,18.5 / Interference with Normal Cell-Signaling Pathways：抑癌基因如p53在癌化訊息途徑中失效，補足題幹的基因層面。,D。正常檢查點可延遲分裂以修復損傷或啟動凋亡，抑癌功能失去可讓受損DNA繼續傳遞；並非所有抑癌基因都以完全相同途徑作用。,"244,245,246,389,390,391","293,294,295,438,439,440",Codex /root,ISU-115-R2-Q17
ISU-115-Q18,FORMAL,False,A,A,未列於本輪取得115生物釋疑PDF7下方至8；依同年度答案PDF1最下方生物表採計,2,25,2,1,,questions/Q18.png,701c32619e9acbff01d81df6cb7e037e88d88a297ac8238cded6dd893d6e5884,L0343,6.4 / The Endoplasmic Reticulum: Biosynthetic Factory,L0268,5.4 / Protein Structure and Function,6.4 / The Endoplasmic Reticulum: Biosynthetic Factory：選項問失去蛋白質品質管制造成壓力的胞器，內質網最切題。,5.4 / Protein Structure and Function：蛋白結構與功能條目解釋錯誤折疊及聚集，避免只按疾病關鍵字分類。,A為所列胞器的最佳選擇。內質網處理進入分泌路徑的蛋白折疊，未折疊蛋白壓力可啟動細胞反應；不是所有神經退化蛋白聚集都起源於內質網。,"82,83,104,105,230,231","131,132,153,154,279,280",Codex /root,ISU-115-R2-Q18
ISU-115-Q19,FORMAL,False,A,A,未列於本輪取得115生物釋疑PDF7下方至8；依同年度答案PDF1最下方生物表採計,2,25,2,1,,questions/Q19.png,388758d94e6d24382e54d24d6e51a5578a3b0bb228a00122d81b892f082e3ce2,L0744,11.5 / Apoptotic Pathways and the Signals That Trigger Them,,,11.5 / Apoptotic Pathways and the Signals That Trigger Them：粒線體膜通透化與細胞色素c釋出屬凋亡訊號途徑。,無另列最小次條目；粒線體依賴凋亡最直接；即使題設死亡訊號已啟動，也不等於下游不可被阻擋。,A。就題設的粒線體依賴路徑，外膜通透化受阻可阻止cytochrome c釋出及下游caspase活化；不能推成所有外源死亡受體訊號均必須經粒線體。,"230,231","279,280",Codex /root,ISU-115-R2-Q19
ISU-115-Q20,FORMAL,False,C,C,未列於本輪取得115生物釋疑PDF7下方至8；依同年度答案PDF1最下方生物表採計,3,26,3,1,,questions/Q20.png,9a764f502d9fdaa9d24ecc4c305cf00a8691d6fb14c1d7f1bd043325c36a371a,L1075,17.4 / Completing and Targeting the Functional Protein,,,17.4 / Completing and Targeting the Functional Protein：比較胞質合成蛋白是否具有定位訊號，直接屬蛋白質完成與定向運輸。,無另列最小次條目；定向運輸分類確定，採計C；保留原題未指明N端與位置訊號的限制。,官方C。缺乏分泌路徑所需的ER定位訊號時，典型情形留在胞質。原題寫「序列末端」而未清楚指定N端；不同胞器訊號可在N端、C端或內部，不能由「缺少任一末端訊號」推得所有蛋白一律只能在胞質。,"352,353,354","401,402,403",Codex /root,ISU-115-R2-Q20
ISU-115-Q21,FORMAL,False,D,D,未列於本輪取得115生物釋疑PDF7下方至8；依同年度答案PDF1最下方生物表採計,3,26,3,1,,questions/Q21.png,a42fdda7c52b62f6d58638a2324d1db22b5d6e306358f01dae05b7f8b030bbc5,L2746,41.5 / Regulation of Appetite and Consumption,L2740,41.5 / Regulation of Digestion,41.5 / Regulation of Appetite and Consumption：抑制食慾與減少攝食最直接對應食慾及攝食調節。,41.5 / Regulation of Digestion：延緩胃排空是另一項題設機制，另列消化調節最小條目。,D。FDA semaglutide說明書支持GLP-1受體作用於食慾相關腦區並延緩胃排空；Campbell提供腸胃與能量恆定框架，不冒稱課本列有該新藥的完整藥理。,"915,916,917,918","964,965,966,967",Codex /root,ISU-115-R2-Q21
ISU-115-Q22,FORMAL,False,B,B,未列於本輪取得115生物釋疑PDF7下方至8；依同年度答案PDF1最下方生物表採計,3,26,3,1,,questions/Q22.png,e6d3215652ac06536153f65f9ea9b103bd63837ac293e510bb5ba1ae37384055,L2998,45.1 / Intercellular Information Flow,,,45.1 / Intercellular Information Flow：辨別內分泌的遠距訊息傳遞，屬細胞間資訊流。,無另列最小次條目；血液遠距靶細胞符合B，最小項是Intercellular Information Flow。,B。內分泌激素進入血液到達遠端靶細胞，靶細胞須有適當受體；距離與傳遞方式比反應快慢更能界定內分泌。,"1000,1001","1049,1050",Codex /root,ISU-115-R2-Q22
ISU-115-Q23,FORMAL,False,B,B,未列於本輪取得115生物釋疑PDF7下方至8；依同年度答案PDF1最下方生物表採計,3,26,3,1,,questions/Q23.png,7b182f4a21794a708b381d34c9126ff822cfef07eefa56bf382131620fc5951d,L0948,15.2 / X Inactivation in Female Mammals,,,15.2 / X Inactivation in Female Mammals：玳瑁貓毛色嵌合由不同細胞隨機失活不同X染色體造成。,無另列最小次條目；X失活足以解釋典型毛色，不因題幹說「幾乎」而改成絕無例外。,B。帶不同毛色等位基因的雌性細胞群因X失活而形成斑塊；不把本題的典型情形說成所有玳瑁貓必然都是一般XX雌貓。,"300,301","349,350",Codex /root,ISU-115-R2-Q23
ISU-115-Q24,FORMAL,False,C,C,未列於本輪取得115生物釋疑PDF7下方至8；依同年度答案PDF1最下方生物表採計,3,26,3,1,,questions/Q24.png,7305e4f785b1b6e69c6e357d4a48afe9102cb6d34d1d477d5f835b754c5d99f6,L0920,14.4 / Genetic Testing and Counseling,,,14.4 / Genetic Testing and Counseling：新生兒先天代謝病的生化篩檢，對應遺傳檢測及諮詢中的新生兒篩檢。,無另列最小次條目；新生兒遺傳檢測項支援應用，CDC補MS/MS分析物；篩檢和確診不混同。,C。MS/MS檢測乾血點中胺基酸及相關代謝物，也可分析醯基肉鹼；不是以一次DNA定序找所有染色體異常。Campbell的PKU新生兒檢測框架由CDC資料補足串聯質譜細節。,"287,288,289","336,337,338",Codex /root,ISU-115-R2-Q24
ISU-115-Q25,FORMAL,False,C,C,未列於本輪取得115生物釋疑PDF7下方至8；依同年度答案PDF1最下方生物表採計,3,26,3,1,,questions/Q25.png,a90d6de13318af5d40addc2e51c5e07a7ae452fd4d892d6311bf20361bce7f32,L1771,27.6 / Mutualistic Bacteria,L1764,27.5 / Ecological Interactions,27.6 / Mutualistic Bacteria：糞菌移植恢復有益腸道菌群及宿主關係，主分類是互利細菌。,27.5 / Ecological Interactions：定殖抗性涉及微生物間的生態交互作用，同章次條目仍保留。,C。恢復菌群及其功能有助抑制C. difficile；原始研究支持特定共生菌的膽汁酸代謝與抗性，不表示多樣性一項指標可解釋全部療效。保留原題Clostridium名稱，現行名稱為Clostridioides difficile。,"587,588","636,637",Codex /root,ISU-115-R2-Q25
ISU-115-Q26,FORMAL,False,B,B,未列於本輪取得115生物釋疑PDF7下方至8；依同年度答案PDF1最下方生物表採計,3,26,3,1,,questions/Q26.png,d9686bd407cde839d3444a5ad2133f9d57d7453a2cef40f17e72200927717912,L0968,15.4 / Abnormal Chromosome Number,L0974,15.4 / Human Conditions Due to Chromosomal Alterations,15.4 / Abnormal Chromosome Number：21三體最常見的染色體數目錯誤機制是不分離。,15.4 / Human Conditions Due to Chromosomal Alterations：另保存人體染色體異常條目中的Down syndrome應用。,B。減數分裂I或II不分離可產生多一條21號染色體的配子；高齡與風險增加相關。篩檢提示高風險不等於確診，唐氏症也可有轉位或嵌合型，不能把所有案例等同單一來源。,"307,308,309","356,357,358",Codex /root,ISU-115-R2-Q26
ISU-115-Q27,FORMAL,False,C,C,未列於本輪取得115生物釋疑PDF7下方至8；依同年度答案PDF1最下方生物表採計,4,27,4,1,,questions/Q27.png,faa5100fba6d0f3c0584a2926fced9a86a614d9f8a4c7238b2d60e36856630b1,L0945,15.2 / Inheritance of X-Linked Genes,,,15.2 / Inheritance of X-Linked Genes：女性帶因者與正常男性婚配，須依X連鎖隱性傳遞分別計算男女後代。,無另列最小次條目；XA/XA、XA/Xa、XA/Y、Xa/Y各1/4；每個性別內1/2風險符合C，題幹女子確為帶因者。,C。題幹已明說女子為帶因者：XAXa×XAY，兒子中1/2患病、女兒中1/2帶因；這是各性別內機率，不能再把女子帶因機率乘1/2。,"299,300","348,349",Codex /root,ISU-115-R2-Q27
ISU-115-Q28,FORMAL,False,D,D,未列於本輪取得115生物釋疑PDF7下方至8；依同年度答案PDF1最下方生物表採計,4,27,4,1,,questions/Q28.png,ab26407ebfa255232b52dc497a6fcfe5f005205c8f6eac170f830d55954ca2a4,L1085,17.5 / Types of Small-Scale Mutations,L1330,"21.4 / Other Repetitive DNA, Including Simple Sequence DNA",17.5 / Types of Small-Scale Mutations：世代提早發病的分子解釋是重複單位增加，主要對應序列插入類型的基因突變框架。,"21.4 / Other Repetitive DNA, Including Simple Sequence DNA：簡單重複序列條目提供短串聯重複及重複數變異的結構背景。",D。三核苷酸重複擴增可造成遺傳早發現象；本題未指定疾病，不能把每個重複擴增病都說成同一基因、同一親代偏向。Campbell所列條目支援插入與重複DNA原理，早發機制另由Huntington原始研究及作者GeneReviews補足，不虛構教材有「遺傳早發」目錄項。,"357,358,359,360,452,453","406,407,408,409,501,502",Codex /root,ISU-115-R2-Q28
ISU-115-Q29,FORMAL,False,C,C,同年度釋疑維持原答案C,4,27,4,1,8,questions/Q29.png,19fd3d21bc42a7ade09560aa51cb33b8e800ee7cd7ff247631b3c43db7fb0d2a,L0371,6.5 / Peroxisomes: Oxidation,L0355,6.4 / The Endomembrane System: A Review,6.5 / Peroxisomes: Oxidation：直接辨認被排除於本書典型內膜系統的過氧化體。,6.4 / The Endomembrane System: A Review：內膜系統回顧提供其他選項的膜交通分類基準，同章次條目完整保存。,官方C，釋疑維持C。Campbell將過氧化體另列，故可確認本題分類。官方所引「並非源自內膜系統」不能當成普遍生合成定律；原始研究在特定人類細胞模型顯示ER與粒線體來源囊泡參與新生過氧化體。分類慣例與生合成來源須分開。,"104,108,109,112","153,157,158,161",Codex /root,ISU-115-R2-Q29
ISU-115-Q30,FORMAL,False,A,A,未列於本輪取得115生物釋疑PDF7下方至8；依同年度答案PDF1最下方生物表採計,4,27,4,1,,questions/Q30.png,8ab3d535b19e4d695de5fe64be3ecd7391e150413dfb47637fb404dc631cd437,L0443,7.3 / Facilitated Diffusion: Passive Transport Aided by Proteins,,,7.3 / Facilitated Diffusion: Passive Transport Aided by Proteins：水通道蛋白促進被動水運輸，直接屬促進性擴散。,無另列最小次條目；A確定，膜運輸機制為主，沒有把題目泛化成每個細胞都有相同水通道。,A。aquaporin加速水跨膜移動，淨流取決於水勢或滲透梯度而非直接消耗ATP；不是所有膜的水運輸都只能靠aquaporin。,"132,133,135,136","181,182,184,185",Codex /root,ISU-115-R2-Q30
ISU-115-Q31,FORMAL,False,B,B,未列於本輪取得115生物釋疑PDF7下方至8；依同年度答案PDF1最下方生物表採計,4,27,4,1,,questions/Q31.png,1cfe125cb9ecac1a5604f2dd2d8b5096e2d94ca265abb9268ae3926e471c87bc,L1455,23.3 / Genetic Drift,,,23.3 / Genetic Drift：颶風造成族群驟減與等位基因隨機喪失，是瓶頸型遺傳漂變。,無另列最小次條目；瓶頸且喪失等位基因，後代只能承襲現存a；分類由情境與遺傳推論確認。,B。若倖存者全為隱性aa，且沒有突變或外來基因流，這批繁殖後代無法自行恢復已消失的顯性等位基因。族群內交配不是基因流；題目未提供颶風選擇特定基因型的證據。,"494,495,496","543,544,545",Codex /root,ISU-115-R2-Q31
ISU-115-Q32,FORMAL,False,D,D,未列於本輪取得115生物釋疑PDF7下方至8；依同年度答案PDF1最下方生物表採計,4,27,4,1,,questions/Q32.png,0784d757e2918b142438cc36e2ea42c8d77d9be1522dfb220b16f05d632b4a8a,L1465,23.4 / Natural Selection: A Closer Look,,,23.4 / Natural Selection: A Closer Look：多代族群表型朝耐酸端改變，符合定向天擇。,無另列最小次條目；耐酸端提高符合D；原題未提供完整世代資料，說明明列天擇的可遺傳前提。,D。以耐酸差異可遺傳且影響繁殖成功為前提，污染壓力提高較耐酸個體的比例。個體短期生理調節本身不能作為天擇的證據。,"497,498","546,547",Codex /root,ISU-115-R2-Q32
ISU-115-Q33,FORMAL,False,D,D,未列於本輪取得115生物釋疑PDF7下方至8；依同年度答案PDF1最下方生物表採計,5,28,5,1,,questions/Q33.png,ddb517ad1e6aa3280f5d621d4f56839300437e420db5c56c50bd194a6b8f08d2,L1754,27.4 / Archaea,,,27.4 / Archaea：題目比較古菌與真核的分子特性，最小條目Archaea含三域比較表27.2。,無另列最小次條目；縮到Archaea最小項1754，撤去過廣的原核多樣性概覽；教材Several kinds與研究差異完整保存。,官方D。實看本地第12版印刷585／PDF634表27.2，古菌與真核RNA polymerase均寫Several kinds，原表照存。但原始結構研究指出古菌通常是一種多次單元RNA聚合酶，真核有多種核RNA聚合酶；「多種」與「多次單元」不能混同。以三域分子特性確定分類，不把官方採計當成對該措辭的科學背書。,"583,584,585","632,633,634",Codex /root,ISU-115-R2-Q33
ISU-115-Q34,FORMAL,False,A,A,未列於本輪取得115生物釋疑PDF7下方至8；依同年度答案PDF1最下方生物表採計,5,28,5,1,,questions/Q34.png,b4b17d5d79b0d98d822d61c0ea85c9af9c82f819acf1cb692492366f370642e0,L1107,18.1 / Operons: The Basic Concept,L1110,18.1 / Repressible and Inducible Operons: Two Types of Negative Gene Regulation,18.1 / Operons: The Basic Concept：operator不能結合抑制蛋白直接涉及操縱組的開關結構。,18.1 / Repressible and Inducible Operons: Two Types of Negative Gene Regulation：色胺酸作為共抑制物的負調控另對照可抑制操縱組條目。,A。在題設單一操縱基因阻遏模型，色胺酸可結合抑制蛋白，但該蛋白仍不能結合突變operator，故不能按此開關關閉轉錄；不據此宣稱衰減等所有其他調控機制均被消除。,"366,367,368,369","415,416,417,418",Codex /root,ISU-115-R2-Q34
ISU-115-Q35,FORMAL,False,D,D,未列於本輪取得115生物釋疑PDF7下方至8；依同年度答案PDF1最下方生物表採計,5,28,5,1,,questions/Q35.png,ca7a1c557b300a071fef197418ed4ea12e22d80764a3e8445dd4be7a70b8860b,L1267,20.3 / Stem Cells of Animals,,,20.3 / Stem Cells of Animals：比較成體與胚胎幹細胞分化潛能，直接屬動物幹細胞。,無另列最小次條目；成人幹細胞仍能自我更新與有限分化，D而非A/B/C，主項不擴成所有醫療應用。,D。成體幹細胞通常受限於特定組織或譜系，胚胎幹細胞具多能性；限制不是由成體細胞失去大部分基因組造成。,"430,431,432","479,480,481",Codex /root,ISU-115-R2-Q35
ISU-115-Q36,FORMAL,False,B,B,未列於本輪取得115生物釋疑PDF7下方至8；依同年度答案PDF1最下方生物表採計,5,28,5,1,,questions/Q36.png,f25989e88db975ae69e7e3f25011ef7cdd79be2fbaecea4d8f14a1cbb0083e9b,L2283,"35.1 / Vascular Plant Organs: Roots, Stems, and Leaves",,,"35.1 / Vascular Plant Organs: Roots, Stems, and Leaves：馬鈴薯、胡蘿蔔、芹菜與洋蔥的食用部位，須辨識根莖葉的特化器官。",無另列最小次條目；錯誤選項B確認；分類是根莖葉而非營養儲存代謝。,B為錯誤敘述。馬鈴薯塊莖是地下莖，芽眼可辨；胡蘿蔔主要是儲藏根、芹菜常食部分是葉柄，洋蔥鱗莖的肥厚部分主要為葉基。,"759,760,761,762","808,809,810,811",Codex /root,ISU-115-R2-Q36
ISU-115-Q37,FORMAL,False,C,C,同年度釋疑維持原答案C,5,28,5,1,8,questions/Q37.png,c8dc0ca768add5d6d45f257b5f6202e04dcaa796543ef880feaa82c2d41329c6,L2300,35.3 / Primary Growth of Roots,,,35.3 / Primary Growth of Roots：把根尖推入土壤的主要力量來自伸長區細胞延長，屬根的初生生長。,無另列最小次條目；35.3印刷768有直接證據，官方誤寫concept6.4照存，不沿用錯誤編號。,C且釋疑維持C。分生區產生新細胞，後方伸長區使根伸長。官方寫「第35章concept 6.4」的編號有誤；本地實際是Concept35.3的Primary Growth of Roots，印刷768／PDF817，原釋疑不修改。,"768,769","817,818",Codex /root,ISU-115-R2-Q37
ISU-115-Q38,FORMAL,False,B,B,未列於本輪取得115生物釋疑PDF7下方至8；依同年度答案PDF1最下方生物表採計,5,28,5,1,,questions/Q38.png,4d560fea9e2708bc19003f00b63a5e865fb6aa0cfe79dac6280e31eddf2864ec,L2310,35.4 / The Vascular Cambium and Secondary Vascular Tissue,L2313,35.4 / The Cork Cambium and the Production of Periderm,35.4 / The Vascular Cambium and Secondary Vascular Tissue：多年木本莖增粗並形成木材，主要由維管束形成層向內外產生次生組織。,35.4 / The Cork Cambium and the Production of Periderm：樹皮外部周皮的形成需木栓形成層，與維管束形成層不可混同。,B。次生生長增加莖徑；維管束形成層產生次生木質部與韌皮部，木栓形成層形成周皮。樹皮包括維管束形成層以外組織，不等同只有木栓。,"772,773,774,775,776","821,822,823,824,825",Codex /root,ISU-115-R2-Q38
ISU-115-Q39,FORMAL,False,A,A,未列於本輪取得115生物釋疑PDF7下方至8；依同年度答案PDF1最下方生物表採計,5,28,5,1,,questions/Q39.png,3863f81b2bd702ae99b9603b0505351664071fddd73cbf4eed39da9e0fff373d,L2492,38.1 / Development of Male Gametophytes in Pollen Grains,,,38.1 / Development of Male Gametophytes in Pollen Grains：雄配子體的花粉管把精細胞送過花柱到胚囊，題問的是精子遞送。,無另列最小次條目；只有A符合被子植物花粉管遞送；正文子標題比目錄更細，附記子標而不偽造目錄ID。,A。花粉管在柱頭萌發後穿過花柱向胚珠延伸並釋出精細胞。昆蟲搬運花粉屬授粉，不能替代花粉管的內部遞送。正文Sperm Delivery by Pollen Tubes未另列於實際詳細目錄，保存可核實最小目錄Development of Male Gametophytes in Pollen Grains並附正文子標題。,"826,827,828","875,876,877",Codex /root,ISU-115-R2-Q39
ISU-115-Q40,FORMAL,False,D,D,未列於本輪取得115生物釋疑PDF7下方至8；依同年度答案PDF1最下方生物表採計,6,29,6,1,,questions/Q40.png,7e49bcffec60efe1dbdf40252d16b9e48ff5284f733d6967a85d217193594af6,L2378,36.3 / Transport of Water and Minerals into the Xylem,L2359,36.2 / The Apoplast and Symplast: Transport Continuums,36.3 / Transport of Water and Minerals into the Xylem：題目問根吸收礦物質後進入維管束的通路，主列進入木質部運輸。,36.2 / The Apoplast and Symplast: Transport Continuums：共質體經原生質絲相連的定義獨立保存，雖同章仍不省略。,D。根毛吸收後可循共質體經原生質絲通過皮層；凱氏帶阻擋內皮層的質外體旁路。進入木質部的最終步驟仍涉及膜運輸，不說整條路徑永遠不跨膜，也不把成熟導管當活細胞共質體。,"787,788,792","836,837,841",Codex /root,ISU-115-R2-Q40
ISU-115-Q41,FORMAL,False,B,B,未列於本輪取得115生物釋疑PDF7下方至8；依同年度答案PDF1最下方生物表採計,6,29,6,1,,questions/Q41.png,8c09133e5ad1e476116b53e2f0793a66c6eb34be09260b64a2acdff5de176fab,L2557,39.2 / A Survey of Plant Hormones,,,39.2 / A Survey of Plant Hormones：生長素與細胞分裂素共同調節分枝，是植物激素功能比較。,無另列最小次條目；B是所列最適當配對，激素總覽為實際最小目錄；不建立文字目錄不存在的分枝葉節。,B。生長素參與頂芽優勢，細胞分裂素促進側芽生長；課本同段亦討論獨腳金內酯，因此這一對不是分枝控制的全部因子。,"847,848,849,850,851","896,897,898,899,900",Codex /root,ISU-115-R2-Q41
ISU-115-Q42,FORMAL,False,A,A,未列於本輪取得115生物釋疑PDF7下方至8；依同年度答案PDF1最下方生物表採計,6,29,6,1,,questions/Q42.png,4d663059571dd5e45570317a2831179b35a5b525c0d9ff00427c69d2b34f41ba,L2576,39.3 / Photoperiodism and Responses to Seasons,,,39.3 / Photoperiodism and Responses to Seasons：長日照植物的開花判準是夜長與臨界暗期，屬光週期。,無另列最小次條目；A以各植物臨界暗期定義，避開C的不固定判準。,A。典型長日植物在連續黑夜短於臨界值時開花；不能一律把臨界值寫成12小時，短暫夜間照光也可影響反應。,"859,860,861","908,909,910",Codex /root,ISU-115-R2-Q42
ISU-115-Q43,FORMAL,False,C,C,未列於本輪取得115生物釋疑PDF7下方至8；依同年度答案PDF1最下方生物表採計,6,29,6,1,,questions/Q43.png,619655b7cb4fb32d0d7ba5a7b726e6aa5255e918a7e13a81aca07dd67370bbc6,L2870,43.1 / Innate Immunity of Vertebrates,,,43.1 / Innate Immunity of Vertebrates：比較補體與自然殺手細胞的先天免疫功能，主列脊椎動物先天免疫。,無另列最小次條目；C為非補體功能；先天免疫主項已涵蓋兩者比較，不以抗體參與反應改成適應性免疫主分類。,C為所問非補體功能。補體可促進發炎、趨化、調理吞噬及膜攻擊；NK細胞釋放殺傷分子屬細胞效應。補體與抗體可協同，但不因此等同NK細胞分泌物。,"954,955,956,957,966","1003,1004,1005,1006,1015",Codex /root,ISU-115-R2-Q43
ISU-115-Q44,FORMAL,False,A,A,未列於本輪取得115生物釋疑PDF7下方至8；依同年度答案PDF1最下方生物表採計,6,29,6,1,,questions/Q44.png,759b6be626200cefb99e2f3fb7289083b4cba88169f3df1b6821646b37a09c95,L2886,43.2 / Antigen Recognition by T Cells,L2902,43.3 / Cytotoxic T Cells: A Response to Infected Host Cells,43.2 / Antigen Recognition by T Cells：TCR辨認受感染細胞表面的胜肽與MHC複合體，主列T細胞抗原辨識。,43.3 / Cytotoxic T Cells: A Response to Infected Host Cells：辨識後的CD8細胞毒殺傷功能另列感染宿主細胞反應。,A。典型受病毒感染體細胞藉MHC I呈現內源性胜肽，供CD8 T細胞辨認；輔助T細胞通常辨認MHC II，不能把所有T細胞都說成只認MHC I。,"959,960,966,967","1008,1009,1015,1016",Codex /root,ISU-115-R2-Q44
ISU-115-Q45,FORMAL,False,D,D,未列於本輪取得115生物釋疑PDF7下方至8；依同年度答案PDF1最下方生物表採計,6,29,6,1,,questions/Q45.png,867432db7ac27508f5325c1ede0056df47966435a7f337c542e85d78ecd5eff3,L2649,40.3 / Balancing Heat Loss and Gain,L0588,9.4 / An Accounting of ATP Production by Cellular Respiration,40.3 / Balancing Heat Loss and Gain：褐色脂肪以產熱維持體溫，主列熱量得失平衡。,9.4 / An Accounting of ATP Production by Cellular Respiration：課本呼吸ATP產量段落明述褐色脂肪的解偶聯蛋白，補足能量去向。,D。非顫抖產熱可藉粒線體內膜解偶聯蛋白使質子回流而不驅動ATP合成，能量以熱散出；不是靠骨骼肌顫抖。,"175,176,177,178,885,886,887","224,225,226,227,934,935,936",Codex /root,ISU-115-R2-Q45
ISU-115-Q46,FORMAL,False,C,C,未列於本輪取得115生物釋疑PDF7下方至8；依同年度答案PDF1最下方生物表採計,6,29,6,1,,questions/Q46.png,34f5756b14ddcadfbe661e9d1399755d448dfcd3de8a02b164fcd7d8fa51f1d1,L2987,44.5 / Homeostatic Regulation of the Kidney,,,44.5 / Homeostatic Regulation of the Kidney：酒精抑制ADH使集尿管水再吸收減少，是腎臟恆定調控。,無另列最小次條目；C與教材印刷995酒精例子一致，腎臟恆定調控為最小項。,C。ADH減少降低集尿管對水的通透性，使尿量增加；不是直接提高ADH分泌或增加水再吸收。,"994,995","1043,1044",Codex /root,ISU-115-R2-Q46
ISU-115-Q47,FORMAL,False,A,A,未列於本輪取得115生物釋疑PDF7下方至8；依同年度答案PDF1最下方生物表採計,7,30,7,1,,questions/Q47.png,baf9460c9680262dc970b8ea8f647f35230e5ebc70fdcae8d48b61e658392725,L3104,46.4 / Hormonal Control of Female Reproductive Cycles,,,46.4 / Hormonal Control of Female Reproductive Cycles：停經涉及卵巢對性腺刺激素反應降低，屬女性生殖週期激素控制。,無另列最小次條目；A符合本書印刷1033，保留原題用更年期對應menopause的用語，不擴張成所有更年期階段。,A。課本指出停經卵巢失去對FSH與LH的反應；不是子宮內膜單純磨損，也不能說FSH及LH分泌必然降低。,"1032,1033,1034,1035","1081,1082,1083,1084",Codex /root,ISU-115-R2-Q47
ISU-115-Q48,FORMAL,False,D,D,未列於本輪取得115生物釋疑PDF7下方至8；依同年度答案PDF1最下方生物表採計,7,30,7,1,,questions/Q48.png,5e2fec188a7242fc86533241205d21ab8608622d07f1de24fd298c56117c2816,L3134,47.1 / Fertilization,L0724,11.3 / Small Molecules and Ions as Second Messengers,47.1 / Fertilization：Ca2+啟動皮質反應與受精膜形成，主列受精。,11.3 / Small Molecules and Ions as Second Messengers：細胞內Ca2+作第二傳訊者，補充實驗干預的訊號層次。,官方D。海膽模型的卵內Ca2+升高引發皮質顆粒胞吐及受精膜形成；若螯合有效壓低卵內游離鈣，該反應可受阻。原題僅寫EDTA處理，未給物種、處理位置與膜通透條件；作者教材的直接證據是卵內注射EGTA，不能偷換成任何卵外EDTA浴都必然耗竭ER鈣或完全等效。,"224,1044,1045,1046,1047","273,1093,1094,1095,1096",Codex /root,ISU-115-R2-Q48
ISU-115-Q49,FORMAL,False,C,C,未列於本輪取得115生物釋疑PDF7下方至8；依同年度答案PDF1最下方生物表採計,7,30,7,1,,questions/Q49.png,eb2546117edb455ab160344a9d964e6856f88deaae4dbbbda2f896fc1f52f98c,L3312,49.5 / Alzheimer’s Disease,L3293,49.4 / Memory and Learning,49.5 / Alzheimer’s Disease：阿茲海默症的病理與認知障礙，主列該具名疾病。,49.4 / Memory and Learning：突觸強度及結構參與記憶，另保存記憶與學習最小條目。,C為選項中的合理敘述。疾病涉及突觸功能與結構改變、神經細胞損失及類澱粉與tau病理，不把任一分子或突觸變化寫成唯一致病機制。,"1100,1101,1103,1104","1149,1150,1152,1153",Codex /root,ISU-115-R2-Q49
ISU-115-Q50,FORMAL,False,B,B,未列於本輪取得115生物釋疑PDF7下方至8；依同年度答案PDF1最下方生物表採計,7,30,7,1,,questions/Q50.png,1b75e8303531f73ab611f2f53077589aa0dc76d7c29e732bf221af6fcc5f4af1,L2924,"43.4 / Exaggerated, Self-Directed, and Diminished Immune Responses",L2889,43.2 / B Cell and T Cell Development,"43.4 / Exaggerated, Self-Directed, and Diminished Immune Responses：以調節性T細胞抑制自體免疫，主列免疫失調。",43.2 / B Cell and T Cell Development：T細胞發育的自我耐受機制支援Treg維持耐受的目標。,B。體外擴增並維持Foxp3穩定的自體Treg再回輸，是研究中的自體免疫細胞治療策略。原始SLE研究支援此製程與表型，不代表已證實能常規治癒所有SLE或RA患者；抑制Foxp3反而與維持Treg功能目標相反。,"960,961,970,971","1009,1010,1019,1020",Codex /root,ISU-115-R2-Q50
