題號,分類狀態,待審,原答案,採計答案或來源衝突,最終採計,釋疑,原卷PDF頁,原卷印刷頁,答案PDF頁,釋疑轉存PDF頁,原圖,原圖SHA256,主條目ID,主分類,次條目ID,次分類,主分類理由,次分類理由,科學說明,課本印刷頁,課本PDF頁,覆核者,覆核紀錄
TCU-108-Q01,FORMAL,False,C,C,C,未列本輪取得同年公告的生物Q4、5、16；依原表，不宣稱不存在其他未取得公告,2,2,1,,questions/Q01.png,fad3d4742c4a179e6f435519414b5c45956fa88cdcfe986c7dcbe6a533d17aba,L0981,15.5 / Genomic Imprinting,L1123,18.2 / Regulation of Chromatin Structure,15.5 / Genomic Imprinting：親源特異印記的建立、維持與生殖細胞重設正是本題核心。,18.2 / Regulation of Chromatin Structure：DNA甲基化／染色質調控解釋印記的分子基礎。,原表C。印記是可重設的表觀遺傳標記，在生殖系依新一代親本性別重建，體細胞分裂通常維持。可遺傳不等於不可逆，也不是只有生殖細胞才有印記表現。,"310,311,371,372","359,360,420,421",Codex /root,TCU-108-R2-Q01
TCU-108-Q02,FORMAL,False,D,D,D,未列本輪取得同年公告的生物Q4、5、16；依原表，不宣稱不存在其他未取得公告,2,2,1,,questions/Q02.png,9e514c0bbcc6b65baae3407bb35f35a956a342e7038e85f109d030a82b1c23af,L0892,14.3 / Extending Mendelian Genetics for a Single Gene,,,14.3 / Extending Mendelian Genetics for a Single Gene：一個基因影響多種表徵是一因多效，屬單基因孟德爾延伸。,無另列最小次條目；A–C描述一基因多效，D的同方向過度概括；最小單基因延伸條目確定。,原表D。一個基因可透過不同生化或發育路徑影響多種性狀，各效應不必都同向有利或有害。一因多效與多基因控制同一性狀不能混同。,"280,281","329,330",Codex /root,TCU-108-R2-Q02
TCU-108-Q03,FORMAL,False,B,B,B,未列本輪取得同年公告的生物Q4、5、16；依原表，不宣稱不存在其他未取得公告,2,2,1,,questions/Q03.png,46b9da25a044a82abfe6d376a62174f222cd19f076e774b37064f560d8a469e9,L1022,16.3 / A chromosome consists of a DNA molecule packed together with proteins,,,16.3 / A chromosome consists of a DNA molecule packed together with proteins：H1與染色質高階包裝直接屬16.3，真實目錄沒有更細子目。,無另列最小次條目；H1和B的30nm命題脈絡明确，新版p330–331與1994研究的範圍差異保留；16.3目錄已無更小子目。,原表B。H1是傳統30nm纖維模型的linker histone。本地12e p330圖16.23改以10nm纖維為基本構成，明說30nm為較舊模型且可能只在特定細胞或時段存在；p331示condensin迴圈。未將30nm當成所有活細胞的一致結構。,"330,331,332","379,380,381",Codex /root,TCU-108-R2-Q03
TCU-108-Q04,FORMAL,False,A,A,A,維持原答案A,2,2,1,6,questions/Q04.png,f247b7de4019ae959e8dea68184da5d8b2835d89a7137b09ab761d518a959aa1,L1062,17.3 / Split Genes and RNA Splicing,L1059,17.3 / Alteration of mRNA Ends,17.3 / Split Genes and RNA Splicing：內含子移除與外顯子保留的區段計數決定答案。,17.3 / Alteration of mRNA Ends：5′端帽及poly(A)尾的添加用於排除端部處理選項。,原表A，同年釋疑Q4維持A。在一條連續、標準線性前驅RNA的同一剪接路徑上，內含子分隔外顯子，外顯子數=內含子數+1；不可混用不同異構轉錄本的合計。帽與poly(A)尾是轉錄後添加；stop codon不保證位於最後外顯子，3′UTR也可能有剪接。,"345,346,347","394,395,396",Codex /root,TCU-108-R2-Q04
TCU-108-Q05,FORMAL,False,A,A,A,維持原答案A,2,2,1,7,questions/Q05.png,df2facc64c8d5ee239fa29253ab34d6fd7b3ddddbbc62df3cded54923b282860,L3114,"46.5 / Conception, Embryonic Development, and Birth",,,"46.5 / Conception, Embryonic Development, and Birth：分娩正回饋及妊娠內分泌屬46.5的生產段。",無另列最小次條目；不能。原圖、釋疑與p1036已比對，Endotext不同來源說明另存；官方A不變，分類仍分娩控制。,原表A，同年釋疑Q5維持A並稱雌二醇來自卵巢；本地p1036圖46.18也畫卵巢來源。然而人類第一孕期後胎盤為循環雌二醇主要來源，原題把胎盤作錯誤理由與Endotext不一致。雌激素主要增加催產素受體表達及敏感性，不是催產素受體的直接配體。官方A與科學來源差異並存，不自行改採計。,"1034,1035,1036,1037,1038,1039","1083,1084,1085,1086,1087,1088",Codex /root,TCU-108-R2-Q05
TCU-108-Q06,FORMAL,False,A,A,A,未列本輪取得同年公告的生物Q4、5、16；依原表，不宣稱不存在其他未取得公告,2,2,1,,questions/Q06.png,5d6aa0eb3388724035e65af1459ed1e6307f8e8382ec0e9b2bed704947a43dfd,L2746,41.5 / Regulation of Appetite and Consumption,,,41.5 / Regulation of Appetite and Consumption：中樞激素調控食慾下降是惡病質題目的功能分類主軸。,無另列最小次條目；题問腦部受體與惡病質，研究MC4R食慾代謝作用支援41.5；不因MSH字面轉到皮膚。,原表A。MSH／melanocortin作用於下視丘MC4R可抑食並提高代謝；腫瘤或LPS小鼠實驗支持阻斷此途徑緩解體重與瘦體組織流失。本地p917提供食慾迴路背景，未直接講MSH與cachexia；不能把複雜惡病質歸為所有病人唯一病因。,"917,918,919","966,967,968",Codex /root,TCU-108-R2-Q06
TCU-108-Q07,FORMAL,False,B,B,B,未列本輪取得同年公告的生物Q4、5、16；依原表，不宣稱不存在其他未取得公告,2,2,1,,questions/Q07.png,24419762b7f6a3af62cee15007af033e3816015ec2dff576cf6695b121497d16,L2870,43.1 / Innate Immunity of Vertebrates,,,43.1 / Innate Immunity of Vertebrates：補體調理與膜攻擊屬脊椎動物先天免疫體液成分。,無另列最小次條目；原題為辨認C3b，轉化酶解離與factor I蛋白水解不可混為一談；分類確定先天免疫補體。,原表B，即C3b。C3b可調理並參與C5轉化酶，後續C5b啟動膜攻擊複合體；C3a／C5a有發炎作用。原題稱DAF使C3b裂解不精確：DAF促轉化酶解離，factor I才在CR1／MCP等輔因子協助下切C3b。答案辨識與此機制差異分記。,"954,955,956,957,966,967","1003,1004,1005,1006,1015,1016",Codex /root,TCU-108-R2-Q07
TCU-108-Q08,FORMAL,False,A,A,A,未列本輪取得同年公告的生物Q4、5、16；依原表，不宣稱不存在其他未取得公告,3,3,1,,questions/Q08.png,7714b9ec1d201993088c13b1470840fc0d9831245b87fef283efac486958c0e1,L3296,49.4 / Long-Term Potentiation,L3293,49.4 / Memory and Learning,49.4 / Long-Term Potentiation：NMDA／AMPA受體及突觸增強的機制直接對應長期增益。,49.4 / Memory and Learning：記憶形成提供LTP在學習中的功能脈絡。,原表A，乙與丙。NMDA受體在去除Mg2+阻塞後可通Ca2+；AMPA主要介導快速Na+流入，LTP可增加AMPA效應。不能把兩類受體的離子通透或電壓條件互換。,"1100,1101,1102","1149,1150,1151",Codex /root,TCU-108-R2-Q08
TCU-108-Q09,FORMAL,False,B,B,B,未列本輪取得同年公告的生物Q4、5、16；依原表，不宣稱不存在其他未取得公告,3,3,1,,questions/Q09.png,abb4402e0d350b2fbab51703ee990ccb255098f16e7aa872ef5b14cc67ada023,L3144,47.2 / Gastrulation,L3150,47.2 / Organogenesis,47.2 / Gastrulation：器官的外中內胚層來源由原腸形成建立。,47.2 / Organogenesis：胚層後續分化成神經等器官提供器官生成的對照。,原表B。神經系統源於外胚層。皮膚須區分表皮外胚層與大部分真皮中胚層；胸腺的上皮與入居淋巴細胞來源不同，不能用整個器官一概抹去多來源性。,"1049,1050,1051,1054,1055","1098,1099,1100,1103,1104",Codex /root,TCU-108-R2-Q09
TCU-108-Q10,FORMAL,False,D,D,D,未列本輪取得同年公告的生物Q4、5、16；依原表，不宣稱不存在其他未取得公告,3,3,1,,questions/Q10.png,4f35890e7529a97374b1e5f64e95d72c7587dcd50023e5715ef25705d138a147,L2924,"43.4 / Exaggerated, Self-Directed, and Diminished Immune Responses",,,"43.4 / Exaggerated, Self-Directed, and Diminished Immune Responses：急性全身過敏是免疫過度反應的明確子例。",無另列最小次條目；可以，但原C指定抗組織胺過敏而題幹沒有藥物線索；D直接為全身過敏性休克，免疫過度反應最貼近。,原表D。IgE介導肥大細胞釋放組織胺等可造成全身血管擴張、通透性增加及低血壓，符合過敏性休克。藥物過敏也可引發此反應，但選項D直接命名題示系統性症候，不據題目作個人診斷。,"970,971","1019,1020",Codex /root,TCU-108-R2-Q10
TCU-108-Q11,FORMAL,False,C,C,C,未列本輪取得同年公告的生物Q4、5、16；依原表，不宣稱不存在其他未取得公告,3,3,1,,questions/Q11.png,a209a7c3b75592cdc103ffdff849756f76df3d5f10ec075cd4a0a9cd30be6ff5,L1445,23.2 / The Hardy-Weinberg Equation,,,23.2 / The Hardy-Weinberg Equation：由基因型計等位頻率再作隨機交配預測是HW方程核心。,無另列最小次條目；重算p=.6得到72／96／32，並指出封閉不足HW；主目方程不靠答案字母決定。,原表C。p=(2×160+160)/(2×400)=0.6，q=0.4；下一代200個體的期望AA=72、Aa=96、aa=32。僅稱封閉族群不足以保證隨機交配及其他HW條件，答案依題目的理想模型解讀；原「二對偶基因」用語保留，不改成另一道題。,"489,490,491,492,493","538,539,540,541,542",Codex /root,TCU-108-R2-Q11
TCU-108-Q12,FORMAL,False,C,C,C,未列本輪取得同年公告的生物Q4、5、16；依原表，不宣稱不存在其他未取得公告,3,3,1,,questions/Q12.png,c2069b098901863b7a4937ecf1c886ef4f2a141a22bd10376b53d986523ffed0,L1458,23.3 / Gene Flow,,,23.3 / Gene Flow：遷入個體改變族群等位頻率是基因流。,無另列最小次條目；原圖明确15%加85%，加權頻率53%確認；不是51.5%，主基因流。,原表C。遷入者占混合後15%，新頻率=0.15×0.70+0.85×0.50=0.53。假設兩群对後代基因庫的相對貢獻按題示比例且沒有其他作用力，不把族群15%誤當原族群數的15%。,"496,497","545,546",Codex /root,TCU-108-R2-Q12
TCU-108-Q13,FORMAL,False,A,A,A,未列本輪取得同年公告的生物Q4、5、16；依原表，不宣稱不存在其他未取得公告,3,3,1,,questions/Q13.png,c3c7eae3668963f72251ea9c641788903d4b9bc8d93c1c3a95e08f483cb27286,L1774,27.6 / Pathogenic Bacteria,L1709,27.1 / Cell-Surface Structures,27.6 / Pathogenic Bacteria：辨別抗生素打擊病原菌的靶點最直接屬致病細菌與控制。,27.1 / Cell-Surface Structures：細胞壁與膜的差異用於判別β-lactam及quinolone機制。,原表A。Quinolones抑制DNA gyrase／topoisomerase IV等，並非破壞細胞膜；sulfonamides阻葉酸路徑，β-lactams阻細胞壁合成，macrolides作用於細菌核糖體。本地章節未列全部藥物機制，具體靶點另有具名補充。,"574,575,588,589","623,624,637,638",Codex /root,TCU-108-R2-Q13
TCU-108-Q14,FORMAL,False,B,B,B,未列本輪取得同年公告的生物Q4、5、16；依原表，不宣稱不存在其他未取得公告,3,3,1,,questions/Q14.png,c8b38e79f97376cf026cf819b978efc3b5f4e317f9e0d9524efe85e2362d8764,L2927,43.4 / Evolutionary Adaptations of Pathogens That Underlie Immune System Avoidance,"L2886,L2902",43.2 / Antigen Recognition by T Cells ; 43.3 / Cytotoxic T Cells: A Response to Infected Host Cells,43.4 / Evolutionary Adaptations of Pathogens That Underlie Immune System Avoidance：病毒逃避CTL攻擊的策略是病原體免疫逃避。,43.2 / Antigen Recognition by T Cells：MHC及肽呈現的分子辨識基礎；43.3 / Cytotoxic T Cells: A Response to Infected Host Cells：CTL以MHC I辨識感染細胞的效應機制。,原表B。Invariant chain參與MHC II路線，並非CTL辨識的MHC I專用機制。TAP把細胞質肽送進ER裝載MHC I；病毒可阻TAP或減少MHC I表面呈現。,"959,960,966,967,971,972,973","1008,1009,1015,1016,1020,1021,1022",Codex /root,TCU-108-R2-Q14
TCU-108-Q15,FORMAL,False,A,A,A,未列本輪取得同年公告的生物Q4、5、16；依原表，不宣稱不存在其他未取得公告,4,4,1,,questions/Q15.png,ef77f707d55827faae34f856490fb5a9bb795efbb59a30f1b43853437531e42a,L1042,17.1 / The Genetic Code,L0882,14.2 / The Multiplication and Addition Rules Applied to Monohybrid Crosses,17.1 / The Genetic Code：隨機RNA組成用於密碼子推論，核心是遺傳密碼的破解。,14.2 / The Multiplication and Addition Rules Applied to Monohybrid Crosses：將獨立事件乘法規則移用至三個核苷酸位置的機率。,原表A。按p(A)=0.8、p(C)=0.2，兩C一A的每一排列0.032，兩A一C的每一排列0.128；只能判組成，不能僅由頻率確定次序。原A列CCA與ACA，真實標準碼分別為Pro及Thr，並非題示His與Gln；His為CAU/CAC、Gln為CAA/CAG。本地p341密碼表與題設模型差異完整保留，未把原選項改成科學正確序列。,"277,340,341,342","326,389,390,391",Codex /root,TCU-108-R2-Q15
TCU-108-Q16,FORMAL,False,D,來源衝突：原表D／釋疑文A；最終採計未確認,未確認,正文稱A；理由HDR對應原題D；結果欄維持原答案，來源矛盾未推定最終採計,4,4,1,7,questions/Q16.png,2fa4bdb72e0840cf5777086d53ed26f646224d226910a0ba10db36847e9d1933,L1091,17.5 / Using CRISPR to Edit Genes and Correct Disease-Causing Mutations,L1013,16.2 / Proofreading and Repairing DNA,17.5 / Using CRISPR to Edit Genes and Correct Disease-Causing Mutations：指定位置插入基因涉及CRISPR後同源修復的編輯設計。,16.2 / Proofreading and Repairing DNA：DNA損傷修復原理支援HDR與NHEJ的區別。,原答案表D，D為HDR；同年釋疑理由也說HDR，卻在結尾寫A且結果欄維持原答案。現有來源無法確認最終採計，保留衝突且final_scoring為null。具有同源臂的模板定向插入符合HDR，足以確定分類；NHEJ也能在特定設計下用於插入，不宣稱所有knock-in只能HDR。,"327,328,360,361","376,377,409,410",Codex /root,TCU-108-R2-Q16
TCU-108-Q17,FORMAL,False,D,D,D,未列本輪取得同年公告的生物Q4、5、16；依原表，不宣稱不存在其他未取得公告,4,4,1,,questions/Q17.png,c06cab598b2b8023badd72979a7240ffca4748d54ca9ebee737689a82cd9333e,L0789,12.3 / The Cell Cycle Control System,L0792,12.3 / Loss of Cell Cycle Controls in Cancer Cells,12.3 / The Cell Cycle Control System：CDK、cyclin及抑制蛋白的周轉共同控制細胞週期。,12.3 / Loss of Cell Cycle Controls in Cancer Cells：p53及p21連結DNA損傷與癌細胞週期控制喪失。,原表D。APC/C為E3 ligase；CDK需cyclin且Cdc25可去除抑制性磷酸。p21有p53誘導的轉錄控制，也有泛素依賴與非依賴的蛋白降解。原D說「主要機制」，不是「唯一機制」；僅證明另有路徑不足以排除某情境以泛素降解為主，重要性依細胞與條件而異。同年沒有取得Q17釋疑，不替命題者補造唯一理由。官方D留存，分類是細胞週期多層調控。,"244,245,246,247,248,249,373,374","293,294,295,296,297,298,422,423",Codex /root,TCU-108-R2-Q17
TCU-108-Q18,FORMAL,False,B,B,B,未列本輪取得同年公告的生物Q4、5、16；依原表，不宣稱不存在其他未取得公告,4,4,1,,questions/Q18.png,d7bb0759884bb53c79d36fcc2411abe0eca84680abba810a72e74e97aebf61f4,L0346,6.4 / The Golgi Apparatus: Shipping and Receiving Center,L0343,6.4 / The Endoplasmic Reticulum: Biosynthetic Factory,6.4 / The Golgi Apparatus: Shipping and Receiving Center：ER至Golgi的運輸是高基氏體接收端的囊泡運輸。,6.4 / The Endoplasmic Reticulum: Biosynthetic Factory：ER是分泌蛋白起始加工與COPII出芽來源。,原表B。COPII負責ER出芽往Golgi；COPI主要從Golgi或中間腔室回收，clathrin用於內吞及轉高基網等，caveolin不屬本題正向分泌包被。,"103,104,105,106","152,153,154,155",Codex /root,TCU-108-R2-Q18
TCU-108-Q19,FORMAL,False,D,D,D,未列本輪取得同年公告的生物Q4、5、16；依原表，不宣稱不存在其他未取得公告,4,4,1,,questions/Q19.png,e5dd81b02a14c35924d84e2f86ee81d959b040e27edef553730b930c853beb9d,L0268,5.4 / Protein Structure and Function,L2714,41.3 / Digestion in the Small Intestine,5.4 / Protein Structure and Function：蛋白質一級序列與肽鍵切斷位置決定片段數。,41.3 / Digestion in the Small Intestine：trypsin與chymotrypsin在小腸蛋白消化中的專一性提供生理背景。,原表D。依原序列的K4、R9、K12作trypsin切點得4段；高專一性chymotrypsin切F8、Y13得3段；CNBr切M5得2段。計算採完全且理想專一切割；低專一性chymotrypsin還可能切L或M，原题未明示實驗條件，結果不是一概適用的實測預測。,"78,79,80,908,909","127,128,129,957,958",Codex /root,TCU-108-R2-Q19
TCU-108-Q20,FORMAL,False,B,B,B,未列本輪取得同年公告的生物Q4、5、16；依原表，不宣稱不存在其他未取得公告,4,4,1,,questions/Q20.png,2d7706ba5b048405008b6772e454c806f79ef302989582067fd4f9301ae9b81d,L0411,7.1 / The Fluidity of Membranes,,,7.1 / The Fluidity of Membranes：脂肪酸尾部不飽和程度影響低溫膜流動性。,無另列最小次條目；原例冬小麥，B不飽和磷脂最直接；膜流動性與細胞水結冰不是同一命題。,原表B。順式不飽和尾的彎折阻礙緊密堆積，低溫時可維持較高膜流動性；這不是保證整個細胞不會結冰。,"128,129","177,178",Codex /root,TCU-108-R2-Q20
TCU-108-Q21,FORMAL,False,C,C,C,未列本輪取得同年公告的生物Q4、5、16；依原表，不宣稱不存在其他未取得公告,5,5,1,,questions/Q21.png,3909688fa2d5b78f1754470134cd99cd582a6a8e6c13231ec225827b86c64ee7,L3160,47.3 / Fate Mapping,L3169,47.3 / Cell Fate Determination and Pattern Formation by Inductive Signals,47.3 / Fate Mapping：辨認四細胞期哪一細胞產生腸道，是細胞譜系追蹤。,47.3 / Cell Fate Determination and Pattern Formation by Inductive Signals：P2對EMS誘導與譜系來源的區別是容易混淆的次要機制。,原表C。四細胞為ABa、ABp、EMS、P2；EMS後分MS與E，E為腸道祖細胞。P2可提供誘導訊號，但不等於P2的後代就是腸道。,"1058,1059,1061,1062,1063","1107,1108,1110,1111,1112",Codex /root,TCU-108-R2-Q21
TCU-108-Q22,FORMAL,False,A,A,A,未列本輪取得同年公告的生物Q4、5、16；依原表，不宣稱不存在其他未取得公告,5,5,1,,questions/Q22.png,f91d055c3335e1faf5e220e248b1927d3fdf026fe226c5eee70d0815606e87e3,L1877,29.2 / Bryophyte Gametophytes,"L1880,L1890",29.2 / Bryophyte Sporophytes ; 29.3 / Origins and Traits of Vascular Plants,29.2 / Bryophyte Gametophytes：蘚類以具獨立生活能力的配子體占優勢。,29.2 / Bryophyte Sporophytes：附著營養依賴的蘚類孢子體作對照；29.3 / Origins and Traits of Vascular Plants：維管植物孢子體優勢與真正維管組織用於排除其餘植物。,原表A，土馬騣為蘚類，肉眼主要植物體為配子體；其假根不是真正維管根。其餘所列維管植物主要植物體為孢子體，不把蘚類孢子體說成不存在。,"621,622,623,624,625,626,629,630","670,671,672,673,674,675,678,679",Codex /root,TCU-108-R2-Q22
TCU-108-Q23,FORMAL,False,B,B,B,未列本輪取得同年公告的生物Q4、5、16；依原表，不宣稱不存在其他未取得公告,5,5,1,,questions/Q23.png,9d1fb225be9979d6b7707d04407b25ab9d42e217ab0a1dddb6e8c64ddf45db2a,L2557,39.2 / A Survey of Plant Hormones,,,39.2 / A Survey of Plant Hormones：比較四種植物激素對莖部伸長的作用。,無另列最小次條目；不能。正文有激素小標，但本地實際目錄只有A Survey of Plant Hormones，採真實最小目。,原表B，gibberellin促莖伸長。真實目錄最細是A Survey of Plant Hormones，赤黴素只是正文內小標，不新造目錄條目。其他激素也可參與生長，不能將選項間作用描述成毫不重疊。,"847,848,849,850,851,852,853,854","896,897,898,899,900,901,902,903",Codex /root,TCU-108-R2-Q23
TCU-108-Q24,FORMAL,False,B,B,B,未列本輪取得同年公告的生物Q4、5、16；依原表，不宣稱不存在其他未取得公告,5,5,1,,questions/Q24.png,bcdba29f9b2d0fd7b8c5c052497e48878633436045f2aff3e3571c0f6fcfec97,L0647,10.3 / Photosynthetic Pigments: The Light Receptors,L0653,10.3 / A Photosystem: A Reaction-Center Complex Associated with Light-Harvesting Complexes,10.3 / Photosynthetic Pigments: The Light Receptors：多種色素吸收不同波長的光提高可用光譜範圍。,10.3 / A Photosystem: A Reaction-Center Complex Associated with Light-Harvesting Complexes：天線色素向反應中心傳遞激發能，解釋不同色素如何協作。,原表B。Chlorophyll a/b及carotenoids吸收光譜不同，可提高不同波長光的利用；能量在天線複合體轉移，不是把數個顏色合成一個更高能量的光子。,"192,193,194,195","241,242,243,244",Codex /root,TCU-108-R2-Q24
TCU-108-Q25,FORMAL,False,C,C,C,未列本輪取得同年公告的生物Q4、5、16；依原表，不宣稱不存在其他未取得公告,5,5,1,,questions/Q25.png,b697fb67ca1aec1aab2283257a9ec21ad629337357baa8b28f6fee2d0d5652be,L1890,29.3 / Origins and Traits of Vascular Plants,L1867,29.1 / Derived Traits of Plants,29.3 / Origins and Traits of Vascular Plants：早期維管植物Cooksonia的構造與演化特徵。,29.1 / Derived Traits of Plants：早期陸生植物的適應與缺乏現代根葉的形態背景。,原表C。Cooksonia為小型、分枝軸狀的早期陸生植物化石，缺乏現代式根與葉，軸可行光合作用。不同化石種維管證據有差別，不以此名字概括所有標本構造或把體型大小說成單因決定。,"621,622,629,630,631","670,671,678,679,680",Codex /root,TCU-108-R2-Q25
TCU-108-Q26,FORMAL,False,B,B,B,未列本輪取得同年公告的生物Q4、5、16；依原表，不宣稱不存在其他未取得公告,5,5,1,,questions/Q26.png,3cb907585e34d0276d074d7a8f4ef8d6054294a1264cce6dfb8a6eac7f431f44,L2586,39.4 / Mechanical Stimuli,,,39.4 / Mechanical Stimuli：含羞草受機械刺激的快速反應是觸覺刺激子目。,無另列最小次條目；原問膨大構造，B葉枕正確；機械刺激正文直接涵蓋pulvini，未只寫泛稱葉柄。,原表B。葉枕運動細胞離子移動伴隨水分變化，改變膨壓而閉合葉片；是快速可逆運動，不靠細胞生長或動物肌肉收縮。,"861,862","910,911",Codex /root,TCU-108-R2-Q26
TCU-108-Q27,FORMAL,False,C,C,C,未列本輪取得同年公告的生物Q4、5、16；依原表，不宣稱不存在其他未取得公告,5,5,1,,questions/Q27.png,f82c8a7a66d787819796a9de1ea032c8156971aec0cbb90c36009b7b3829d580,L3768,56.3 / Landscape Structure and Biodiversity,"L1455,L3745",23.3 / Genetic Drift ; 56.1 / Threats to Biodiversity,56.3 / Landscape Structure and Biodiversity：道路切割棲地使連通性與族群規模改變。,23.3 / Genetic Drift：小族群抽樣誤差增強造成漂變；56.1 / Threats to Biodiversity：棲地破壞與道路致死構成保育威脅。,原表C。破碎化可縮小有效族群而增加遺傳漂變、阻礙基因流；道路也造成路殺與邊緣改變。族群「變小」不保證每一性狀都立即降低，但長期隨機遺傳損失風險增加。,"494,495,496,1263,1264,1265,1270,1271","543,544,545,1312,1313,1314,1319,1320",Codex /root,TCU-108-R2-Q27
TCU-108-Q28,FORMAL,False,C,C,C,未列本輪取得同年公告的生物Q4、5、16；依原表，不宣稱不存在其他未取得公告,6,6,1,,questions/Q28.png,25c12b81fe2f8dd2d1c0034f165bad56fe3704b3e8a78c51122d929521bf01cc,L3598,54.1 / Competition,L3574,53.5 / Mechanisms of Density-Dependent Population Regulation,54.1 / Competition：競爭排除與干擾／資源競爭屬群集種間競爭。,53.5 / Mechanisms of Density-Dependent Population Regulation：種內競爭同樣可依密度調節族群，避免把競爭限於異種。,原表C。在穩定且資源受限的環境中，完全相同生態棲位難以長期共存。干擾競爭是直接阻擋，利用性競爭透過共同資源；兩者不能互換，也不是只有種間才競爭。,"1203,1204,1215,1216,1217","1252,1253,1264,1265,1266",Codex /root,TCU-108-R2-Q28
TCU-108-Q29,FORMAL,False,D,D,D,未列本輪取得同年公告的生物Q4、5、16；依原表，不宣稱不存在其他未取得公告,6,6,1,,questions/Q29.png,ccfc040c776222eebc1a48955cab79a836b03d37650992cac9cc4d1b8515f00a,L3768,56.3 / Landscape Structure and Biodiversity,L1458,23.3 / Gene Flow,56.3 / Landscape Structure and Biodiversity：生態廊道連接破碎棲地的功能與限制。,23.3 / Gene Flow：廊道促進個體及等位基因跨族群移動。,原表D。廊道可提高基因流與重新定殖機會，並不藉增加漂變來增加遺傳多樣性；也可能傳播病原、入侵者，利益依實際景觀及物種而定。,"496,497,1270,1271","545,546,1319,1320",Codex /root,TCU-108-R2-Q29
TCU-108-Q30,FORMAL,False,D,D,D,未列本輪取得同年公告的生物Q4、5、16；依原表，不宣稱不存在其他未取得公告,6,6,1,,questions/Q30.png,7d839984cebc2c056b625574e1f0c47816d2e4c3d6bbcb0a9a0cdce84cc5ccf6,L3587,53.6 / Global Carrying Capacity,,,53.6 / Global Carrying Capacity：生態足跡是人類全球承載量評估所用的需求面積指標。,無另列最小次條目；原D土地面積，教材承載量內ecological footprint直接支持，目錄無獨立足跡子目。,原表D。估算供應資源與吸收廢棄物所需的生物生產性土地與水域，以面積及標準化全球公頃表示；不是人口成長率或純污染濃度。,"1209,1210,1211","1258,1259,1260",Codex /root,TCU-108-R2-Q30
TCU-108-Q31,FORMAL,False,C,C,C,未列本輪取得同年公告的生物Q4、5、16；依原表，不宣稱不存在其他未取得公告,6,6,1,,questions/Q31.png,addd90de7cebee69d4f443d30f41b018d5e1d618237d5cd9951ab6d37ff12894,L3534,53.1 / Demographics,L2133,33.4 / Arthropods,53.1 / Demographics：週期性死亡風險呈現在存活曲線，是族群人口學。,33.4 / Arthropods：節肢動物必須蛻皮，提供螃蟹危險時段的機制。,原表C。甲殼類蛻皮後硬殼未恢復時風險增加，可能形成階梯狀存活曲線。本地p1194直接用螃蟹說明此例；不是所有節肢動物都具有完全相同曲線。,"706,707,708,709,1193,1194,1195","755,756,757,758,1242,1243,1244",Codex /root,TCU-108-R2-Q31
TCU-108-Q32,FORMAL,False,C,C,C,未列本輪取得同年公告的生物Q4、5、16；依原表，不宣稱不存在其他未取得公告,6,6,1,,questions/Q32.png,4b38c09a5e82f060f077b12288dbf4ecef756fe6285f9da3717f5e9531970620,L3745,56.1 / Threats to Biodiversity,,,56.1 / Threats to Biodiversity：引入種／入侵種與生物多樣性威脅的辨析。,無另列最小次條目；原C的「一定」兩次皆過強；D定義加上適應擴散也有範圍限制，保存原文而分類仍保育威脅。,原表C。外來種由人類活動跨出原生分布，只有部分建立、擴張並造成危害而成入侵問題；不等同所有外來種皆有害。原題其他選項若把已擴張作所有外來種的必要定義過窄，保留此用語限制。,"1263,1264,1265","1312,1313,1314",Codex /root,TCU-108-R2-Q32
TCU-108-Q33,FORMAL,False,A,A,A,未列本輪取得同年公告的生物Q4、5、16；依原表，不宣稱不存在其他未取得公告,7,7,1,,questions/Q33.png,fdcbb3d7bb8988b1f6d08ea6d4aefec60e548ad7ea8a66c5227bdd714e3c14f5,L3768,56.3 / Landscape Structure and Biodiversity,,,56.3 / Landscape Structure and Biodiversity：棲地切割增加邊緣相對比例，直接對應景觀結構。,無另列最小次條目；原A邊緣效應直連邊緣／內部比例，題文最大問題不當普世排序；主景觀結構。,原表A。面積縮小或被分割可提高邊緣對內部比例，造成光、風及物種組成差異。題稱邊緣效應最大的選項按其比較情境判斷，不宣稱每種物種或所有棲地的反應都相同。,"1270,1271,1272","1319,1320,1321",Codex /root,TCU-108-R2-Q33
TCU-108-Q34,FORMAL,False,A,A,A,未列本輪取得同年公告的生物Q4、5、16；依原表，不宣稱不存在其他未取得公告,7,7,1,,questions/Q34.png,be792e703212faf3faa328c17089a3b9db30e94d4f2251c5cf64fc14e10b80fb,L1402,22.2 / Key Features of Natural Selection,"L1477,L0898",23.4 / Why Natural Selection Cannot Fashion Perfect Organisms ; 14.3 / Nature and Nurture: The Environmental Impact on Phenotype,22.2 / Key Features of Natural Selection：自然選擇需要可遺傳變異與差別繁殖成功。,23.4 / Why Natural Selection Cannot Fashion Perfect Organisms：選擇受歷史與權衡限制，無法預先設計完美個體；14.3 / Nature and Nurture: The Environmental Impact on Phenotype：環境造成的表現型變化未必可遺傳。,原表A。單純後天取得而不可遺傳的變化不能當作跨代選擇累積的基礎。選擇不是為了未來需要而主動創造變異，突變可產生新變異，適應也受既有構造與權衡限制。,"282,283,476,477,478,501,502","331,332,525,526,527,550,551",Codex /root,TCU-108-R2-Q34
TCU-108-Q35,FORMAL,False,B,B,B,未列本輪取得同年公告的生物Q4、5、16；依原表，不宣稱不存在其他未取得公告,7,7,1,,questions/Q35.png,12caeb7906ba05634f9c96ba546a7bf9a9b2d68f5a47decc98496b2d8de57e2e,L3604,54.1 / Positive Interactions,"L3601,L2021,L1847,L1764",54.1 / Exploitation ; 31.5 / Fungi as Mutualists ; 28.6 / Symbiotic Protists ; 27.5 / Ecological Interactions,54.1 / Positive Interactions：比較互利共生與其他種間關係，以正面互動為主軸。,54.1 / Exploitation：啄食宿主傷口可能具剝削性；31.5 / Fungi as Mutualists：地衣提供真菌互利例；28.6 / Symbiotic Protists：珊瑚與光合共生者提供原生生物例。；27.5 / Ecological Interactions：燈籠魚與發光細菌互利正是本地p587的具名例。,原表B。原題僅寫水牛buffalo，未指定物種。啄牛鳥可吃蜱也可啄血，關係依宿主與環境而變；Weeks研究家牛且明示不可直接外推原生宿主，因此不能據此斷言題中水牛與啄牛鳥絕無互利。本地p1221牛背鷺又非啄牛鳥。珊瑚與藻、地衣菌藻、p587燈籠魚與發光細菌均有教材互利例。保留官方B與宿主、用語差異，分類明確為種間互動。,"587,614,615,667,668,1217,1218,1220,1221","636,663,664,716,717,1266,1267,1269,1270",Codex /root,TCU-108-R2-Q35
TCU-108-Q36,FORMAL,False,A,A,A,未列本輪取得同年公告的生物Q4、5、16；依原表，不宣稱不存在其他未取得公告,7,7,1,,questions/Q36.png,c8722d33ddeff37a1fc2b6fa62fe964f43b30f52826ee2172c4fcf880aa48d17,L2463,37.3 / Bacteria and Plant Nutrition,"L1741,L1764",27.3 / Metabolic Cooperation ; 27.5 / Ecological Interactions,37.3 / Bacteria and Plant Nutrition：植物與固氮細菌的營養共生，且本地p817直接說明滿江紅作水田肥源。,27.3 / Metabolic Cooperation：藍綠菌异形細胞與營養細胞分工提供固氮機制；27.5 / Ecological Interactions：植物與微生物互利屬生態互動。,原表A，cyanobacteria。異形細胞提供保護nitrogenase的低氧環境；满江紅共生藍綠菌固定氮，植物提供碳源。本地p817直接列Azolla，文獻Anabaena／Nostoc azollae命名差異留存，不把所有固氮菌都說成必有異形細胞。,"582,583,587,814,815,816,817","631,632,636,863,864,865,866",Codex /root,TCU-108-R2-Q36
TCU-108-Q37,FORMAL,False,A,A,A,未列本輪取得同年公告的生物Q4、5、16；依原表，不宣稱不存在其他未取得公告,7,7,1,,questions/Q37.png,3951f8567604a7ff7ba93deda043cf2b845204c945eba238fb7a44683e4f8830,L2944,44.1 / Osmoregulatory Challenges and Mechanisms,L0898,14.3 / Nature and Nurture: The Environmental Impact on Phenotype,44.1 / Osmoregulatory Challenges and Mechanisms：廣鹽與狹鹽動物面對不同滲透壓的調節挑戰。,14.3 / Nature and Nurture: The Environmental Impact on Phenotype：個體對環境鹽度的適應性變化涉及表現型可塑性。,原表A。臺灣魚類資料庫列Scartelaos gigas為河口紅樹林半淡鹹水與海水魚，可支持相較題列淡水魚的廣鹽環境調節。這是棲地證據，不是耐鹽極限的實驗值；本地一般鮭魚洄游例不可直接當成櫻花鉤吻鮭亦洄游海洋。,"282,283,978,979,980","331,332,1027,1028,1029",Codex /root,TCU-108-R2-Q37
TCU-108-Q38,FORMAL,False,D,D,D,未列本輪取得同年公告的生物Q4、5、16；依原表，不宣稱不存在其他未取得公告,7,7,1,,questions/Q38.png,393502bf58e5945377ced1f180225406ed3145df1bba5d631e1128c788ec69c7,L1932,30.2 / Gymnosperm Diversity,L1659,26.3 / Cladistics,30.2 / Gymnosperm Diversity：銀杏唯一現生種及與蘇鐵的關係屬裸子植物多樣性。,26.3 / Cladistics：姊妹群用共同祖先與分支關係界定。,原表D。Ginkgo biloba是銀杏類唯一現生種；核及葉綠體研究支持與蘇鐵成姊妹群，但本地12e圖中仍示關係未定，2022研究粒線體結果也不同，差異明記。「活化石」非不再演化的正式分類；鱟為含銅血藍蛋白，原C所稱山椒魚仍是兩生類，不能因俗名有魚而歸魚類。,"559,560,561,641,642,643","608,609,610,690,691,692",Codex /root,TCU-108-R2-Q38
TCU-108-Q39,FORMAL,False,C,C,C,未列本輪取得同年公告的生物Q4、5、16；依原表，不宣稱不存在其他未取得公告,7,7,1,,questions/Q39.png,7e5c42ba5cec3287783c6e708de688d752d6e39fcfdb48d3d09b1c64d0270bc9,L1455,23.3 / Genetic Drift,,,23.3 / Genetic Drift：環境災害使族群骤減的抽樣損失是瓶頸型漂變。,無另列最小次條目；原題原族群劇減導致遺傳變異下降，瓶頸最合；不必另列一個目錄沒有的子目。,原表C。經族群瓶頸後倖存者只攜帶原基因庫的一部分，遺傳變異可下降；不是另建新族群的創始者情境。族群數恢復也不保證遺傳多樣性完全恢復。,"494,495,496","543,544,545",Codex /root,TCU-108-R2-Q39
TCU-108-Q40,FORMAL,False,C,C,C,未列本輪取得同年公告的生物Q4、5、16；依原表，不宣稱不存在其他未取得公告,8,8,1,,questions/Q40.png,9c216a8ac53dc4fdacabc467a58eabfad8c4a803668831c47578104da142d321,L1455,23.3 / Genetic Drift,L3755,56.2 / Extinction Risks in Small Populations,23.3 / Genetic Drift：比較漂變、創始者效應與瓶頸效應。,56.2 / Extinction Risks in Small Populations：有效族群及小族群滅絕風險是漂變強度的實際保育意義。,原表C。漂變為隨機抽樣，對小有效族群影響較大；有效族群數通常小於普查數。創始者是少數個體建立新族群，瓶頸是原族群骤減，不混換兩者。,"494,495,496,1266,1267,1268","543,544,545,1315,1316,1317",Codex /root,TCU-108-R2-Q40
TCU-108-Q41,FORMAL,False,A,A,A,未列本輪取得同年公告的生物Q4、5、16；依原表，不宣稱不存在其他未取得公告,8,8,1,,questions/Q41.png,f4acb5580b3ffc7fc6b603659261b4dbf7ebb2516e9e1e3201a4f52fba2d5a59,L1445,23.2 / The Hardy-Weinberg Equation,L0892,14.3 / Extending Mendelian Genetics for a Single Gene,23.2 / The Hardy-Weinberg Equation：由O及A型表現型頻率回推IA等位頻率，屬多等位HW方程。,14.3 / Extending Mendelian Genetics for a Single Gene：A、B共顯性及O隱性解釋表現型與基因型合併。,原表A，IA頻率0.30。O型r²=0.16得r=0.4；A型p²+2pr=0.33得p=0.3，IB頻率q=0.3。原題已給AB=0.18，以2pq=0.18驗算一致；不是求AB型頻率。B表現型0.33，四型合為1，依題設HW條件推算。,"279,280,490,491,492,493","328,329,539,540,541,542",Codex /root,TCU-108-R2-Q41
TCU-108-Q42,FORMAL,False,B,B,B,未列本輪取得同年公告的生物Q4、5、16；依原表，不宣稱不存在其他未取得公告,8,8,1,,questions/Q42.png,8d52ec72db593de89b7a48ba2c3c2323d3c745cb9b6101df575c43eac73b5df8,L1827,28.4 / Red Algae,L0242,5.2 / Polysaccharides,28.4 / Red Algae：紅藻藻膠的功能是紅藻形態與應用的專屬內容。,5.2 / Polysaccharides：結構性與儲存性多醣對照決定纖維素的類比。,原表B。Agarose與carrageenan是紅藻結構基質多醣；agarose是agar的主要膠化部分，功能類似植物纖維素；不是蛋白質collagen、儲存澱粉或雙醣sucrose。它們化學結構不同於纖維素，不把基質與微纖維混同。,"70,71,72,609,610","119,120,121,658,659",Codex /root,TCU-108-R2-Q42
TCU-108-Q43,FORMAL,False,D,D,D,未列本輪取得同年公告的生物Q4、5、16；依原表，不宣稱不存在其他未取得公告,8,8,1,,questions/Q43.png,907a64c97343e53d674f4dc56711eb171ec7c08ecc825b3506c80abbc133dc09,L1293,"21.1 / The Human Genome Project fostered development of faster, less expensive sequencing techniques",L1232,20.1 / DNA Sequencing,"21.1 / The Human Genome Project fostered development of faster, less expensive sequencing techniques：本地p444於21.1直接定義環境混合DNA定序為metagenomics，目錄此概念無更細子目。",20.1 / DNA Sequencing：定序技術是取得環境DNA資訊的方法。,原表D。總體基因體學從整個微生物群或環境樣本取得混合DNA資訊，無須先個別培養。若僅用特定條碼基因擴增辨識物種，更精確可稱metabarcoding；題目以廣義環境DNA研究選metagenomics，保留方法粒度限制。,"416,417,418,443,444","465,466,467,492,493",Codex /root,TCU-108-R2-Q43
TCU-108-Q44,FORMAL,False,C,C,C,未列本輪取得同年公告的生物Q4、5、16；依原表，不宣稱不存在其他未取得公告,8,8,1,,questions/Q44.png,03a2524283938ba0e21f817e36c77b23d7fe8d5fd87dbe594f9927f26705cf44,L2024,31.5 / Practical Uses of Fungi,L1966,31.1 / Nutrition and Ecology,31.5 / Practical Uses of Fungi：辨認中藥材中的真菌來源，屬真菌的實際用途。,31.1 / Nutrition and Ecology：真菌寄生或分解營養型有助辨識蟲草與茯苓。,原表C：冬蟲夏草與茯苓。冬蟲夏草藥材為真菌子座及昆蟲體複合物，不能把整個蟲體都稱真菌；茯苓為真菌菌核。A牛樟芝與B靈芝也是菌，但其搭配的川芎、麥門冬為植物；D何首烏與當歸均為植物。藥典補足中文藥材基原，未對療效作主張。,"655,667,668,669,670","704,716,717,718,719",Codex /root,TCU-108-R2-Q44
TCU-108-Q45,FORMAL,False,D,D,D,未列本輪取得同年公告的生物Q4、5、16；依原表，不宣稱不存在其他未取得公告,8,8,1,,questions/Q45.png,de5e87a7f6fdbe1a5b67815e116432b0261548b8abd41c853b47ed3283b5e555,L1969,31.1 / Body Structure,L1709,27.1 / Cell-Surface Structures,31.1 / Body Structure：真菌細胞壁的幾丁質等成分屬菌體結構。,27.1 / Cell-Surface Structures：革蘭氏陰性菌外膜的LPS可排除錯誤歸屬。,原表D。LPS是典型革蘭氏陰性細菌外膜成分；真菌壁以chitin、glucans及mannoproteins等為主，組成隨類群與階段不同，不把LPS列為一般真菌細胞壁成分。,"574,575,655,656,657","623,624,704,705,706",Codex /root,TCU-108-R2-Q45
TCU-108-Q46,FORMAL,False,B,B,B,未列本輪取得同年公告的生物Q4、5、16；依原表，不宣稱不存在其他未取得公告,8,8,1,,questions/Q46.png,f9693013129e9a51c75afdab7542808e9796277b1a6dfe969d80cadbfad343ce,L1794,28.1 / Endosymbiosis in Eukaryotic Evolution,L1814,28.3 / Stramenopiles,28.1 / Endosymbiosis in Eukaryotic Evolution：矽藻複雜質體的多層膜反映次級內共生。,28.3 / Stramenopiles：矽藻在stramenopiles中的實例提供分類定位。,原表B。矽藻質體有多層包膜，符合紅藻次級內共生史；不是所有原生生物都無葉綠素、不能運動或有真正根莖葉維管束。Protista是歷史方便稱呼而非單系群。,"594,595,596,602,603","643,644,645,651,652",Codex /root,TCU-108-R2-Q46
TCU-108-Q47,FORMAL,False,D,D,D,未列本輪取得同年公告的生物Q4、5、16；依原表，不宣稱不存在其他未取得公告,9,9,1,,questions/Q47.png,a2b41bca2be43241c534c3be7ee82484d1a6f82d87cc19a59ddb2fb13dd2d218,L1715,27.1 / Internal Organization and DNA,"L1728,L1754",27.2 / Genetic Recombination ; 27.4 / Archaea,27.1 / Internal Organization and DNA：細菌DNA與核區組織的傳統差異為題目主軸。,27.2 / Genetic Recombination：菌毛接合與噬菌體轉導需區別；27.4 / Archaea：古菌翻譯起始及染色體結構用於排除選项。,原表D沿用細菌DNA不與histone包裝的傳統概括。2023研究已在Bdellovibrio及Leptospira找到histone，因此不能作全細菌絕對命題；其結合模式也不等同真核核小體。接合不是轉導，古菌起始胺基酸是Met非細菌常見fMet，原核細胞沒有核膜。,"330,331,577,579,580,583,585,586","379,380,626,628,629,632,634,635",Codex /root,TCU-108-R2-Q47
TCU-108-Q48,FORMAL,False,D,D,D,未列本輪取得同年公告的生物Q4、5、16；依原表，不宣稱不存在其他未取得公告,9,9,1,,questions/Q48.png,81fc45fc612551e17cfef89f41459abddaec73cd279a1548a56c9deae55cfc85,L1995,31.4 / Fungi have radiated into a diverse set of lineages,"L1966,L3656",31.1 / Nutrition and Ecology ; 54.5 / Effects on Community Structure,31.4 / Fungi have radiated into a diverse set of lineages：壺菌的游動孢子與生物學特徵屬真菌支系；本地目錄31.4沒有獨立Chytrids子目。,31.1 / Nutrition and Ecology：真菌寄生營養支援病原特徵；54.5 / Effects on Community Structure：兩生類病原對群集結構的影響保留為次條目。,原表D。蛙壺菌Batrachochytrium dendrobatidis在原始研究已離體純培養並接種蛙，故不能稱無法培養。壺菌常有具鞭毛游走孢子；一般壺菌腐生／寄生範圍不能全套在單一蛙壺菌，兩生類下降也不能歸因唯一環境因子。原題為Batrachochytrium spp.，本輪培養與趨化研究明確限Bd：2008研究測得糖、蛋白與胺基酸的正趨化，不能擴大成所有屬內物種皆在植物體內寄生。,"655,660,661,662,1234,1235","704,709,710,711,1283,1284",Codex /root,TCU-108-R2-Q48
TCU-108-Q49,FORMAL,False,D,D,D,未列本輪取得同年公告的生物Q4、5、16；依原表，不宣稱不存在其他未取得公告,9,9,1,,questions/Q49.png,2b30ddf7fb5b91f34d4dc09a7108257f6244d6ace815cf962787485ecdb76676,L1972,31.1 / Specialized Hyphae in Mycorrhizal Fungi,"L2005,L2466",31.4 / Mucoromycetes ; 37.3 / Fungi and Plant Nutrition,31.1 / Specialized Hyphae in Mycorrhizal Fungi：內生菌根菌絲穿壁但不穿破宿主質膜，直接屬特化菌絲。,31.4 / Mucoromycetes：本地將glomeromycetes置於Mucoromycota，保留題目Glomeromycota分類差異；37.3 / Fungi and Plant Nutrition：菌根介面及植物營養交換有明確正文支援。,原表D。叢枝結構為顯微尺度，不能單憑肉眼根部觀察確診；菌絲穿細胞壁後仍被內陷宿主膜隔開，不自由位於細胞質。本地p663採Mucoromycota內glomeromycetes，題目採Glomeromycota；名稱層級差異明記，不擅改原題。,"656,657,663,817,818","705,706,712,866,867",Codex /root,TCU-108-R2-Q49
TCU-108-Q50,FORMAL,False,A,A,A,未列本輪取得同年公告的生物Q4、5、16；依原表，不宣稱不存在其他未取得公告,9,9,1,,questions/Q50.png,69fcc51f494c32c5dfa003a938c8b89acc3731b8c5f07f1633cf2747993cae14,L1979,31.2 / Sexual Reproduction,"L1982,L1359",31.2 / Asexual Reproduction ; 21.6 / Comparing Genomes,31.2 / Sexual Reproduction：酵母的單／二倍體與減數、有性生活史決定錯誤敘述。,31.2 / Asexual Reproduction：出芽與無性增殖用於比較；21.6 / Comparing Genomes：跨物種基因組相似及人類基因互補屬比較基因組。,原表A。S. cerevisiae可有單倍體與二倍體，並非只單倍體。1996首個完成真核基因組；2018研究1011株含918新定序及93既有，時間早於本試題。部分人類同源基因能互補酵母，不是全部；发酵與呼吸依環境條件而變。,"449,459,460,461,657,658,659","498,508,509,510,706,707,708",Codex /root,TCU-108-R2-Q50
