題號,分類狀態,待審,原答案,採計答案,釋疑,原卷PDF頁,原卷印刷頁,答案PDF頁,釋疑PDF頁,原圖,原圖SHA256,主條目ID,主分類,次條目ID,次分類,主分類理由,次分類理由,科學說明,課本印刷頁,課本PDF頁,覆核者,覆核紀錄
TCU-111-Q01,FORMAL,False,D,D,未列本輪取得的111年度生物釋疑PDF4；依同年答案，不宣稱沒有其他未取得公告,2,2,1,,questions/Q01.png,bcd39d228d963c7bc3f02fc3e0c85544b19aab0fd75c808abf211e78034aa119,L1085,17.5 / Types of Small-Scale Mutations,,,17.5 / Types of Small-Scale Mutations：357–359頁以插入或缺失改變讀框解釋小尺度突變，直接對應四個片段長度。,無另列最小次條目；重看4、17、7、18及stop codon完整題文；核心是非3倍數造成移框，定位17.5小尺度突變。18保持框而非保證功能，Q1右緣修復後問號完整。,官方D。18為3的倍數，在編碼區插入18鹼基通常保持下游讀框；4、17、7皆非3倍數。保持讀框不表示蛋白質功能正常；題幹泛稱基因片段，若在非編碼區則不能直接套用讀框推論。,"357,358,359","406,407,408",Codex /root,TCU-111-R2-Q01
TCU-111-Q02,FORMAL,False,B,B,未列本輪取得的111年度生物釋疑PDF4；依同年答案，不宣稱沒有其他未取得公告,2,2,1,,questions/Q02.png,c40261b7a560402f5dbe0f559476c7c35b5d9d5817aeff5023c89c87f90695a9,L0724,11.3 / Small Molecules and Ions as Second Messengers,L0734,11.4 / Regulation of the Response,11.3 / Small Molecules and Ions as Second Messengers：223–225頁的cAMP、Ca²⁺及IP3等第二訊使，把上游刺激傳遞給多個下游分子。,11.4 / Regulation of the Response：226–227頁的訊號放大補足題幹酵素催化大量產物的機制。,官方B。第二訊使是細胞內小分子或離子；Ca²⁺即使在IP3下游仍稱第二訊使，不依步驟改叫第三、第四級。酵素級聯也能放大訊號，並非所有放大都只靠第二訊使。,"223,224,225,226,227","272,273,274,275,276",Codex /root,TCU-111-R2-Q02
TCU-111-Q03,FORMAL,False,A,A,未列本輪取得的111年度生物釋疑PDF4；依同年答案，不宣稱沒有其他未取得公告,2,2,1,,questions/Q03.png,75ea222168de28fde68785c01cfc3e4e64165849484975658074acf13272e178,L2557,39.2 / A Survey of Plant Hormones,,,39.2 / A Survey of Plant Hormones：852–854頁在植物激素綜覽下直接列乙烯、街燈煤氣與葉片脫落。,無另列最小次條目；乙烯段同時支援煤氣與落葉，最小目錄是激素綜覽而非正文Ethylene小標；十八世紀與1800年代差異分存。,官方A。乙烯促進離層形成，作用也受葉片生長素平衡影響。原題寫十八世紀初，本地教材852頁寫1800年代，且1901年辨認乙烯；年代差異照存，不回改原題。,"852,853,854","901,902,903",Codex /root,TCU-111-R2-Q03
TCU-111-Q04,FORMAL,False,C,C,未列本輪取得的111年度生物釋疑PDF4；依同年答案，不宣稱沒有其他未取得公告,2,2,1,,questions/Q04.png,2e12cbe07e1a33c59cddede8542df516f95cf3b7554d6d08211ffe11d0f7cd92,L2093,33.1 / Sponges are basal animals that lack tissues,,,33.1 / Sponges are basal animals that lack tissues：690–691頁的海綿概念本身沒有更小目錄子項，直接說明缺少真正組織。,無另列最小次條目；重新比對四選項與33.1，實際目錄沒有子目，概念本身已最小；有細胞分工與無真正組織可以並存。,官方C。海綿有分化細胞但無真正組織與器官；其他選項動物具有組織。缺組織不等於缺細胞分工，不把海綿生活史或刺胞動物當主目。,"690,691","739,740",Codex /root,TCU-111-R2-Q04
TCU-111-Q05,FORMAL,False,D,D,未列本輪取得的111年度生物釋疑PDF4；依同年答案，不宣稱沒有其他未取得公告,2,2,1,,questions/Q05.png,b1653be704a8190789c0f778e495753d245dcbdfe0d22656e16257e9864c4153,L0789,12.3 / The Cell Cycle Control System,,,12.3 / The Cell Cycle Control System：244–247頁的週期控制系統以cyclin濃度週期性變化調控Cdk。,無另列最小次條目；逐項比較合成降解的是cyclin；控制系統最小項已足，不另列肌動蛋白或細胞質分裂。,官方D。週期素合成與降解使其量起伏；週期素依賴激酶的活性受結合週期素等方式調節，不可把Cdk活性變化等同其蛋白質量同步週期降解。肌動、肌凝蛋白不是題問的時鐘。,"244,245,246,247","293,294,295,296",Codex /root,TCU-111-R2-Q05
TCU-111-Q06,FORMAL,False,B,B,未列本輪取得的111年度生物釋疑PDF4；依同年答案，不宣稱沒有其他未取得公告,2,2,1,,questions/Q06.png,37cb8afa0c39f52655be57cb97d2886e3d51cf55bef51130e7ab6c3d8cb94aed,L0365,6.5 / Mitochondria: Chemical Energy Conversion,,,6.5 / Mitochondria: Chemical Energy Conversion：109–110頁描述粒線體由外膜及摺成嵴的內膜包圍。,無另列最小次條目；對照內外膜圖與四胞器，粒線體項可直接決定B，不需為無關內膜系統另加章。,官方B。雙層膜指兩個各自的磷脂雙層膜；內質網、高基氏體及細胞膜不是兩個包膜。不能把單一膜的兩個脂質葉層當成題問雙層膜。,"109,110","158,159",Codex /root,TCU-111-R2-Q06
TCU-111-Q07,FORMAL,False,A,A,未列本輪取得的111年度生物釋疑PDF4；依同年答案，不宣稱沒有其他未取得公告,2,2,1,,questions/Q07.png,f6fc70ef3292864c9fec2b8095e0edcd9435605a75715a406c777551e9489150,L3231,48.4 / Neurotransmitters,,,48.4 / Neurotransmitters：1080–1082頁區分小分子與胜肽傳遞物質，配合1077–1078頁突觸前釋放。,無另列最小次條目；以神經傳遞物質類型及突觸圖回查，A涵蓋不同合成處；小泡是儲釋位置，未把所有類型簡化為同一小胞器。,官方A。合成位置屬突觸前神經元；胜肽主要在胞體合成，小分子多在末梢由酵素生成。突觸小泡主要儲存與釋放，不能把所有傳遞物質概括為在小泡內合成或都以小泡儲存，NO等另有例外。,"1077,1078,1080,1081,1082","1126,1127,1129,1130,1131",Codex /root,TCU-111-R2-Q07
TCU-111-Q08,FORMAL,False,C,C,未列本輪取得的111年度生物釋疑PDF4；依同年答案，不宣稱沒有其他未取得公告,2,2,1,,questions/Q08.png,4b3d6bf4bbbc4ebdd8fbe9c53c4444f53e89d93d6b63b9dc9b9db24fce5a9f70,L2957,44.2 / Forms of Nitrogenous Waste,L2960,44.2 / The Influence of Evolution and Environment on Nitrogenous Wastes,44.2 / Forms of Nitrogenous Waste：982–983頁比較氨、尿素與尿酸的溶解度、毒性及能量成本。,44.2 / The Influence of Evolution and Environment on Nitrogenous Wastes：983頁補充陸生環境與有殼卵使不溶性排泄物有利。,官方C。尿酸難溶，可用少量水排出；其生成成本較高，並非快速溶於水或毒性最大。節水與能量成本是取捨，不能以低毒性推論低合成成本。,"982,983","1031,1032",Codex /root,TCU-111-R2-Q08
TCU-111-Q09,FORMAL,False,B,B,未列本輪取得的111年度生物釋疑PDF4；依同年答案，不宣稱沒有其他未取得公告,2,2,1,,questions/Q09.png,85478862effebd1c5f6e01efd48822dc0a1e96f1d95cab87ec9ee9f258e2158c,L3144,47.2 / Gastrulation,,,47.2 / Gastrulation：1049–1052頁原腸形成的細胞內移、原腸及胚孔直接對應發育階段。,無另列最小次條目；重看blastopore與各階段，原腸形成最小項直接支援B；不把神經胚、體腔當同義。,官方B。胚孔在原腸形成時出現，不能與囊胚腔混同；囊胚形成、神經胚形成及體腔形成不是此開口出現的最佳階段。,"1049,1050,1051,1052","1098,1099,1100,1101",Codex /root,TCU-111-R2-Q09
TCU-111-Q10,FORMAL,False,A,A,未列本輪取得的111年度生物釋疑PDF4；依同年答案，不宣稱沒有其他未取得公告,2,2,1,,questions/Q10.png,d73be9497d5ae7d349f171393b3c9e216fd9e66c2f3d8a6f2c4a84a210e37ebd,L0371,6.5 / Peroxisomes: Oxidation,,,6.5 / Peroxisomes: Oxidation：112頁過氧化體最小目錄項下的乙醛酸循環體，直接涉及發芽油籽脂肪轉為糖。,無另列最小次條目；教材glyoxysome正文配合儲油萌發與油菜研究，只支援選項比較與相關胞器；保留物種與全文取得限制。,官方A。油質體供應脂肪，乙醛酸循環體與粒線體及細胞質參與儲油動員和糖生成；葉綠體最無直接關聯。830–831頁補足萌發使用儲存養分；補充論文研究油菜，不冒稱蓖麻實驗，也不擴張為所有質體都絕不參與。,"112,830,831","161,879,880",Codex /root,TCU-111-R2-Q10
TCU-111-Q11,FORMAL,False,C,C,未列本輪取得的111年度生物釋疑PDF4；依同年答案，不宣稱沒有其他未取得公告,2,2,1,,questions/Q11.png,e0fad416a70592d28869adcbf7d1800633e69f7ff267c6f9d8c0111eba9654d2,L0673,10.5 / Photorespiration: An Evolutionary Relic?,,,10.5 / Photorespiration: An Evolutionary Relic?：203頁光呼吸項比較rubisco與氧、二氧化碳反應及碳損失。,無另列最小次條目；氧化與羧化路徑分開核對；C採計保留但氧化仍產生一個3-PGA，主光呼吸而非僅Calvin概述。,官方C。氧競爭使RuBP羧化形成3-PGA的淨通量降低；氧化反應仍會產生一個3-PGA及二碳產物，不是3-PGA完全停止形成。2-phosphoglycolate是氧化分支產物，ATP／NADPH形成不是此題最直接受抑制步驟。,"202,203","251,252",Codex /root,TCU-111-R2-Q11
TCU-111-Q12,FORMAL,False,D,D,未列本輪取得的111年度生物釋疑PDF4；依同年答案，不宣稱沒有其他未取得公告,3,3,1,,questions/Q12.png,32c238a905632d67c942c977e6f2087effd1694b024031b43b37645b02056d14,L1000,16.1 / Building a Structural Model of DNA,,,16.1 / Building a Structural Model of DNA：317–319頁DNA結構模型用鹼基互補配對解釋Chargaff比例。,無另列最小次條目；四選項重新驗算A+G=T+C；以DNA結構模型最小項，明列雙股限定，不另加核酸化學章。,官方D。在雙股DNA，A=T、G=C，所以A+G=T+C。不同物種比例可以不同，同物種通常近似；不能寫成A=G或把雙股規則無條件套用單股病毒DNA。,"317,318,319","366,367,368",Codex /root,TCU-111-R2-Q12
TCU-111-Q13,FORMAL,False,A,A,未列本輪取得的111年度生物釋疑PDF4；依同年答案，不宣稱沒有其他未取得公告,3,3,1,,questions/Q13.png,fdef4e8467cce8b6c362aa3835a91ae984319ca9c40ba8aca0231814c61c63a7,L1022,16.3 / A chromosome consists of a DNA molecule packed together with proteins,,,16.3 / A chromosome consists of a DNA molecule packed together with proteins：330–332頁16.3概念沒有目錄子項，染色質包裝直接區別真、異染色質。,無另列最小次條目；A是包裝緊密度比較，16.3無子目可用；甲基化與轉錄是反例背景，不把18章加成主要。,官方A。異染色質較緊密，真染色質通常較可接近且較易轉錄；選項B、D把一般關係反轉，C錯把基因只放在異染色質。甲基化與表達並非每個位置均可絕對二分。,"330,331,332","379,380,381",Codex /root,TCU-111-R2-Q13
TCU-111-Q14,FORMAL,False,A,A,未列本輪取得的111年度生物釋疑PDF4；依同年答案，不宣稱沒有其他未取得公告,3,3,1,,questions/Q14.png,77945c7c0307113d3c594f9eab4e39cc8dffff702ef125d0aac409c054df42b0,L1189,19.1 / Structure of Viruses,L1218,19.3 / Viral Diseases in Plants,19.1 / Structure of Viruses：399–400頁病毒結構的核酸與蛋白殼是比較有無capsid的主軸。,19.3 / Viral Diseases in Plants：412頁植物病毒病與原生質絲傳播提供選項C的對照背景。,官方A。ICTV確認類病毒為小型環狀單股RNA且沒有蛋白殼；本版412頁未提供完整類病毒專節，不虛構最小類病毒目錄。病毒可有DNA或RNA基因組，抗生素不作病毒普遍療法，類病毒也能在植物體內移動。,"399,400,408,412,1234","448,449,457,461,1283",Codex /root,TCU-111-R2-Q14
TCU-111-Q15,FORMAL,False,C,C,未列本輪取得的111年度生物釋疑PDF4；依同年答案，不宣稱沒有其他未取得公告,3,3,1,,questions/Q15.png,d185a119e39113df84bf305d36d6b87f0968a185613ef8c0a26397beb932d832,L0582,9.4 / The Pathway of Electron Transport,L0585,9.4 / Chemiosmosis: The Energy-Coupling Mechanism,9.4 / The Pathway of Electron Transport：174–175頁電子傳遞路徑明列氧作為末端電子接受者並形成水。,9.4 / Chemiosmosis: The Energy-Coupling Mechanism：175–176頁化學滲透區分電子傳遞與質子驅動ATP生成。,官方C。氧直接接收電子，維持有氧電子傳遞；ATP合成酶使用質子動力，不能將氧直接參與的反應改答ATP形成。糖解與TCA不直接以氧為該步反應物。,"174,175,176","223,224,225",Codex /root,TCU-111-R2-Q15
TCU-111-Q16,FORMAL,False,C,C,未列本輪取得的111年度生物釋疑PDF4；依同年答案，不宣稱沒有其他未取得公告,3,3,1,,questions/Q16.png,1b702a98ab9fa0374aade905652f6ed86ff0c850cb36c8b79c187cb31c085c6f,L2514,38.2 / Mechanisms That Prevent Self-Fertilization,,,38.2 / Mechanisms That Prevent Self-Fertilization：834–835頁防止自體受精機制中的自交不親合，說明柱頭或花柱阻擋花粉。,無另列最小次條目；重看柱頭／花柱選項C及834頁，屬防止自體受精的機制，沒有把花藥或自家花粉排斥時機混合。,官方C。自交不親合是辨識不相容花粉並抑制萌發或花粉管生長，通常發生在柱頭／花柱。不是花藥排斥，也不是等到精卵結合才開始；共享不相容等位型也可能限制不同植株間授粉。,"834,835","883,884",Codex /root,TCU-111-R2-Q16
TCU-111-Q17,FORMAL,False,C,C,未列本輪取得的111年度生物釋疑PDF4；依同年答案，不宣稱沒有其他未取得公告,3,3,1,,questions/Q17.png,a6793aa4086b9ef82edd41f1683fa064b1aa33d3e7fabba4aab96536d17ded13,L0776,12.2 / Cytokinesis: A Closer Look,L0773,12.2 / The Mitotic Spindle: A Closer Look,12.2 / Cytokinesis: A Closer Look：241–242頁細胞質分裂直接比較植物細胞板與動物分裂溝。,12.2 / The Mitotic Spindle: A Closer Look：240頁紡錘體微管與染色單體分離補足其餘選項判斷。,官方C。植物形成細胞板，動物以收縮環形成分裂溝。紡錘體以微管為主，有絲分裂分離姊妹染色單體，非同源染色體獨立分配；植物／動物中心粒敘述亦反置。,"238,239,240,241,242","287,288,289,290,291",Codex /root,TCU-111-R2-Q17
TCU-111-Q18,FORMAL,False,D,D,未列本輪取得的111年度生物釋疑PDF4；依同年答案，不宣稱沒有其他未取得公告,3,3,1,,questions/Q18.png,9f8eb4ecdca8c9d89a8c82fbfd7871ab3fdc28d1d26b60fa051b11b9e85ff717,L0662,10.3 / A Comparison of Chemiosmosis in Chloroplasts and Mitochondria,,,10.3 / A Comparison of Chemiosmosis in Chloroplasts and Mitochondria：199–201頁葉綠體與粒線體化學滲透比較，說明膜區隔維持質子梯度。,無另列最小次條目；區隔受損最直接破壞質子動力及ATP合成；化學滲透比較正確，不以光吸收小目泛代。,官方D。類囊體破孔首先使質子動力難以建立、ATP合成減少；吸光及電子激發未必立即消失，不能將膜破孔直接等同所有光反應同步完全停擺。,"199,200,201","248,249,250",Codex /root,TCU-111-R2-Q18
TCU-111-Q19,FORMAL,False,B,B,未列本輪取得的111年度生物釋疑PDF4；依同年答案，不宣稱沒有其他未取得公告,3,3,1,,questions/Q19.png,39c5369c7c980515b58b06e12395c025ae9948a8ca69fb8586ca10f7933e7583,L2557,39.2 / A Survey of Plant Hormones,L2397,36.4 / Stimuli for Stomatal Opening and Closing,39.2 / A Survey of Plant Hormones：852頁ABA乾旱耐受段直接說明缺水時累積並迅速關閉氣孔。,36.4 / Stimuli for Stomatal Opening and Closing：798頁氣孔開閉刺激補足葉片水分調節機制。,官方B。ABA訊號引起保衛細胞離子及水分流失、膨壓下降，降低散水。伸根、抗衰老或落葉不是題幹要求的快速第一反應；離層酸之名不表示其主要功能就是落葉。,"797,798,852","846,847,901",Codex /root,TCU-111-R2-Q19
TCU-111-Q20,FORMAL,False,A,A,未列本輪取得的111年度生物釋疑PDF4；依同年答案，不宣稱沒有其他未取得公告,4,4,1,,questions/Q20.png,1ae91b882469cfe6248cc18b020cabf24c215c5cb88dd0af32a00200c2f5d75e,L2466,37.3 / Fungi and Plant Nutrition,,,37.3 / Fungi and Plant Nutrition：817–818頁真菌與植物營養記述菌根擴大吸收並供應磷等礦物。,無另列最小次條目；回看fungicide與rhizobium，菌根礦物供應直接對應A；保留根表面簡化，不另分類到固氮。,官方A。殺菌劑傷害菌根共生，可能使養分獲取下降；根瘤菌是細菌，不是殺真菌作用的最佳對象。菌根型態可在根內或根外，題文根部表面是簡化，不把所有菌根限制在外表。,"817,818","866,867",Codex /root,TCU-111-R2-Q20
TCU-111-Q21,FORMAL,False,B,B,未列本輪取得的111年度生物釋疑PDF4；依同年答案，不宣稱沒有其他未取得公告,4,4,1,,questions/Q21.png,5f27841655f02d8ec568369ad28c6c8039d4c27dc3f42f46714cdbd673bcb224,L0984,15.5 / Inheritance of Organelle Genes,,,15.5 / Inheritance of Organelle Genes：311–312頁胞器基因遺傳直接以斑葉與母本決定後代色型說明非孟德爾遺傳。,無另列最小次條目；斑葉與卵細胞質來源為主軸，15.5胞器遺傳直接支持B，不用X聯章目。,官方B。紫茉莉葉綠體隨卵細胞細胞質傳給後代，屬母系胞器遺傳，不是性聯遺傳或數量性狀。教材說多數植物，不能擴張成所有植物均只有母系葉綠體。,"311,312","360,361",Codex /root,TCU-111-R2-Q21
TCU-111-Q22,FORMAL,False,D,D,未列本輪取得的111年度生物釋疑PDF4；依同年答案，不宣稱沒有其他未取得公告,4,4,1,,questions/Q22.png,a804aaf76fdbb6d053644f0fa7ad2b8c79f980095d90d9437bda2a8479768775,L0394,6.7 / Cell Junctions,L1969,31.1 / Body Structure,6.7 / Cell Junctions：119–120頁細胞連接比較動物縫隙連接與植物原生質絲的細胞間通路。,31.1 / Body Structure：655–656頁真菌菌絲體與隔膜孔說明題幹中的連通結構。,官方D。兩者均可提供細胞間連通，與菌絲隔膜孔在功能上相似；不代表三種孔道同源、孔徑相同或通過物質完全一樣。胞橋小體偏附著，緊密連接偏封閉，液泡膜非細胞間橋。,"119,120,655,656","168,169,704,705",Codex /root,TCU-111-R2-Q22
TCU-111-Q23,FORMAL,False,B,B,未列本輪取得的111年度生物釋疑PDF4；依同年答案，不宣稱沒有其他未取得公告,4,4,1,,questions/Q23.png,8434389c84a36005c83a198d473fc3f8dbea7d5602389e020c09e810a2035815,L2362,36.2 / Short-Distance Transport of Solutes Across Plasma Membranes,,,36.2 / Short-Distance Transport of Solutes Across Plasma Membranes：788–789頁跨細胞膜短距離溶質輸送直接描寫根H+泵與礦物離子吸收。,無另列最小次條目；根部H+ATPase消耗ATP建電化學梯度，B礦物吸收成立；使用植物溶質運輸專目而非泛膜章。,官方B。質子泵耗ATP建立H+電化學梯度，可驅動共運輸並影響膜電位。建立的是電化學梯度，不是ATP濃度梯度；也不是去除過量電子來減少膜電位。,"788,789","837,838",Codex /root,TCU-111-R2-Q23
TCU-111-Q24,FORMAL,False,B,B,未列本輪取得的111年度生物釋疑PDF4；依同年答案，不宣稱沒有其他未取得公告,4,4,1,,questions/Q24.png,36c4add15a67b1f0ec608e2db83c224db3813efc4d505242f5da9cd3125f2c2d,L2413,36.5 / Bulk Flow by Positive Pressure: The Mechanism of Translocation in Angiosperms,L2410,36.5 / Movement from Sugar Sources to Sugar Sinks,36.5 / Bulk Flow by Positive Pressure: The Mechanism of Translocation in Angiosperms：800–801頁被子植物正壓大量流直接解釋篩管運輸驅動力。,36.5 / Movement from Sugar Sources to Sugar Sinks：799–800頁糖源與糖庫的裝載／卸載設定壓力差的方向。,官方B。糖裝載降低滲透勢，水進入提高源端膨壓，壓力差推動篩管汁液。原卷順序A、B、D、C照存；木質部負壓、根壓及單純附著力均非篩管主要機制。,"799,800,801","848,849,850",Codex /root,TCU-111-R2-Q24
TCU-111-Q25,FORMAL,False,C,C,未列本輪取得的111年度生物釋疑PDF4；依同年答案，不宣稱沒有其他未取得公告,4,4,1,,questions/Q25.png,4b57ad30b4dd7f3baaf734a4ddaac14cd575474785c073d9a3afc053ab0e35c0,L1870,29.1 / The Origin and Diversification of Plants,"L1890,L1919,L1939",29.3 / Origins and Traits of Vascular Plants ; 30.1 / The Evolutionary Advantage of Seeds ; 30.3 / Characteristics of Angiosperms,29.1 / The Origin and Diversification of Plants：621–623頁植物起源分化與大支系樹提供四特徵演化順序的主框架。,29.3 / Origins and Traits of Vascular Plants：629–630頁維管束植物起源定位導管系統；30.1 / The Evolutionary Advantage of Seeds：639頁種子演化優勢定位種子支系；30.3 / Characteristics of Angiosperms：644頁被子植物特徵定位花朵。,官方C，角質層→維管束→種子→花。順序是依主要支系的共同衍徵作教學比較，不表示每種現存植物都完整持有四者或彼此在單一祖先同時起源。,"621,622,623,629,630,639,643,644","670,671,672,678,679,688,692,693",Codex /root,TCU-111-R2-Q25
TCU-111-Q26,FORMAL,False,D,D,未列本輪取得的111年度生物釋疑PDF4；依同年答案，不宣稱沒有其他未取得公告,4,4,1,,questions/Q26.png,1bad150e49e3f03bb716c73f945ddad1fd598b9552201638824afbd38005b731,L2381,36.3 / Bulk Flow Transport via the Xylem,,,36.3 / Bulk Flow Transport via the Xylem：792–795頁木質部大量流以葉內蒸發界面表面張力與負壓解釋蒸散拉力。,無另列最小次條目；葉內界面負壓是D，內聚／附著傳遞支持水柱；木質部大量流最小項足以處理所有選項。,官方D。葉肉細胞壁水—空氣界面彎曲造成張力，水分子內聚力沿水柱傳遞。附著力助穩定水柱，但不是拉力最初來源；正根壓和保衛細胞運氫不等於此負壓。,"792,793,794,795","841,842,843,844",Codex /root,TCU-111-R2-Q26
TCU-111-Q27,FORMAL,False,A,A,未列本輪取得的111年度生物釋疑PDF4；依同年答案，不宣稱沒有其他未取得公告,4,4,1,,questions/Q27.png,b5e61b7a71ab802ab093599655872a43e63b4a97050a8390bd1c104b2ecdb1cb,L1589,25.4 / Adaptive Radiations,L3649,54.4 / Island Equilibrium Model,25.4 / Adaptive Radiations：542–543頁適應輻射說明隔離後物種利用不同棲位而分化，直接符合A。,54.4 / Island Equilibrium Model：1232–1233頁島嶼平衡模型檢查面積、隔離及移入滅絕的動態平衡。,官方A。生殖隔離與不同生態位可促進分化；多樣性與特有種比例不同，不宜只按是否有陸橋排序。面積以外氣候等仍重要，達到平衡不表示移入與滅絕停止。,"542,543,1232,1233","591,592,1281,1282",Codex /root,TCU-111-R2-Q27
TCU-111-Q28,FORMAL,False,B,B,未列本輪取得的111年度生物釋疑PDF4；依同年答案，不宣稱沒有其他未取得公告,4,4,1,,questions/Q28.png,e64c1954f6bc70375fb7984964230313aaddab50b3439d5ab1d11d7c1e590183,L2547,39.1 / Response,L2498,38.1 / Sporophyte Development from Seed to Mature Plant,39.1 / Response：843–845頁黃化及去黃化反應描述地下嫩芽優先伸莖、葉未展開與缺乏綠色。,38.1 / Sporophyte Development from Seed to Mature Plant：830–831頁萌發後幼苗利用儲藏物提供種子情境。,官方B。此處種子生長實指萌發後幼苗，暗中伸莖利於到地面。不是病毒病、不是根把苗推上土面，也不會靠黃色葉綠素在黑暗中使用紅外線行光合作用。,"830,831,843,844,845","879,880,892,893,894",Codex /root,TCU-111-R2-Q28
TCU-111-Q29,FORMAL,False,D,D,未列本輪取得的111年度生物釋疑PDF4；依同年答案，不宣稱沒有其他未取得公告,5,5,1,,questions/Q29.png,f7de6552c72f10f36c07798605b0d884e0e6e1cf697f815dcd6c0d1db2dd998e,L0362,6.5 / The Evolutionary Origins of Mitochondria and Chloroplasts,L1794,28.1 / Endosymbiosis in Eukaryotic Evolution,6.5 / The Evolutionary Origins of Mitochondria and Chloroplasts：109–110頁粒線體及葉綠體演化起源直接說明先後內共生。,28.1 / Endosymbiosis in Eukaryotic Evolution：594–595頁真核演化中的內共生進一步提供好氧細菌先、光合細菌後的支系脈絡。,官方D。粒線體源於可利用氧的異營細菌共生，光合真核支系後來取得質體。並非所有真核支系都接續取得葉綠體；533–534頁作早期真核出現的背景，不另冒造新目。,"109,110,533,534,594,595","158,159,582,583,643,644",Codex /root,TCU-111-R2-Q29
TCU-111-Q30,FORMAL,False,B,B,未列本輪取得的111年度生物釋疑PDF4；依同年答案，不宣稱沒有其他未取得公告,5,5,1,,questions/Q30.png,74f5090f82b6e130ae9a5b463cc1e52fdcb755de33494bb75062dc37e1fd9f8c,L3598,54.1 / Competition,,,54.1 / Competition：1215–1216頁競爭項下的資源分配說明相似種因生態位差異而共存。,無另列最小次條目；同域共存的生態位差異才是B，1215頁Competition下正文已有resource partitioning，無需自創目錄子目。,官方B。資源使用時間、空間或種類有差異可減少競爭，屬resource partitioning。競爭排除不是共存機制，亦無證據支持巔峰群聚把所有可能生態位占滿。,"1215,1216","1264,1265",Codex /root,TCU-111-R2-Q30
TCU-111-Q31,FORMAL,False,A,A,未列本輪取得的111年度生物釋疑PDF4；依同年答案，不宣稱沒有其他未取得公告,5,5,1,,questions/Q31.png,c6fc7eb2efb102cbd51c4de15810e08157c9fbc208a43a454e40e68151e3dd4b,L1412,22.3 / Homology,,,22.3 / Homology：479–481頁Homology項中的趨同演化對比，解釋相似選擇壓形成相似適應。,無另列最小次條目；481頁趨同對比與灌叢情境吻合A；Homology為真實最小目，正文convergence不冒列獨立目。,官方A。1172–1174頁灌叢群系支持地中海型氣候、乾旱及火災情境；共同環境可造成趨同。選項沒有最近共同祖先須理解成非近緣共有性狀的直接來源，不能說這些植物完全沒有共同祖先。,"479,480,481,1172,1173,1174","528,529,530,1221,1222,1223",Codex /root,TCU-111-R2-Q31
TCU-111-Q32,FORMAL,False,A,A,未列本輪取得的111年度生物釋疑PDF4；依同年答案，不宣稱沒有其他未取得公告,5,5,1,,questions/Q32.png,c9fd72260abf81aa9e30b9663b8b269d269dc0ee7606760d1a91a7d1fa927259,L3598,54.1 / Competition,L2024,31.5 / Practical Uses of Fungi,54.1 / Competition：1215–1216頁種間競爭提供抗菌物質減少資源競爭者的生態解釋。,31.5 / Practical Uses of Fungi：670頁真菌實用價值明列青黴素，補足專名及產物。,官方A。在本題框架下真菌抑制細菌可減少共同資源競爭；不是以細菌作食物或必為互利共生。不能從單題推成所有真菌抗生素只有此一生態功能。,"670,1215,1216","719,1264,1265",Codex /root,TCU-111-R2-Q32
TCU-111-Q33,FORMAL,False,C,C,未列本輪取得的111年度生物釋疑PDF4；依同年答案，不宣稱沒有其他未取得公告,5,5,1,,questions/Q33.png,060b6b2b61e691dd2e609e7d270999a2f8d9fd8b0b0f397db739efeef6bd53ea,L2573,39.3 / The Effect of Light on the Biological Clock,L2570,39.3 / Biological Clocks and Circadian Rhythms,39.3 / The Effect of Light on the Biological Clock：858–859頁光對生物鐘的作用直接描述光敏素校準晝夜節律。,39.3 / Biological Clocks and Circadian Rhythms：857–858頁自由運行的生理節律補充約24小時及溫度補償。,官方C。光訊號可校準內生時鐘；自由運行並非恰好24小時。溫度補償不代表絕對不受溫度影響，光週期主要是晝夜長度，不是光強弱，且非只有兩類反應。,"857,858,859","906,907,908",Codex /root,TCU-111-R2-Q33
TCU-111-Q34,FORMAL,False,C,C,未列本輪取得的111年度生物釋疑PDF4；依同年答案，不宣稱沒有其他未取得公告,5,5,1,,questions/Q34.png,1ec324f9f61e0e7dccc255afc8956dc4d71b0906cd6591b9f52e839dc4f9fa81,L3689,55.2 / Primary Production in Aquatic Ecosystems,"L3686,L3692",55.2 / Ecosystem Energy Budgets ; 55.2 / Primary Production in Terrestrial Ecosystems,55.2 / Primary Production in Aquatic Ecosystems：1242–1243頁水生初級生產量明列光與營養物限制，直接對應C。,55.2 / Ecosystem Energy Budgets：1241–1242頁生態系能量預算區分GPP、NPP及NEP；55.2 / Primary Production in Terrestrial Ecosystems：1243–1245頁陸域初級生產量補足水、溫度及養分限制。,官方C。GPP是固定的化學能，不是全部入射光；NPP=GPP−自營呼吸，不能減成異營消耗。陸域生物多樣性有影響但非單一決定因素。,"1241,1242,1243,1244,1245","1290,1291,1292,1293,1294",Codex /root,TCU-111-R2-Q34
TCU-111-Q35,FORMAL,False,D,D,未列本輪取得的111年度生物釋疑PDF4；依同年答案，不宣稱沒有其他未取得公告,5,5,1,,questions/Q35.png,1b511e007d8f565cf960815424e0083e22561c22bb681df0b7996106fc6e62c0,L3364,50.3 / The Vertebrate Visual System,,,50.3 / The Vertebrate Visual System：1119–1123頁脊椎動物視覺系統含桿錐細胞與光轉導。,無另列最小次條目；讀回感光訊號圖，光引起超極化和少釋放決定D；三類錐與桿低光敏感作反例，同一視覺最小目已足。,官方D。光使感光細胞超極化並減少傳遞物質釋放；桿細胞弱光較敏感，人通常有三類錐細胞。桿細胞不以增加錐色素種類來辨別更多顏色。,"1119,1120,1121,1122,1123","1168,1169,1170,1171,1172",Codex /root,TCU-111-R2-Q35
TCU-111-Q36,FORMAL,False,D,D,111年度釋疑維持D,6,6,1,4,questions/Q36.png,a1c45a17dd7df135e551cf3525a4265f909ead90acab9154aff0a15a1ade5474,L0945,15.2 / Inheritance of X-Linked Genes,L0948,15.2 / X Inactivation in Female Mammals,15.2 / Inheritance of X-Linked Genes：299頁X聯基因遺傳直接列DMD及男性較常發病的原因。,15.2 / X Inactivation in Female Mammals：300頁女性X失活提供異合子細胞鑲嵌的補充背景。,官方D且111釋疑PDF4維持。科學上DMD主要為X聯隱性；原題約10歲死亡與教材299頁約mid-20s不同，兩者均不當作個別患者固定壽命。官方女性須病父與帶因母是簡化雙突變模型；MedlinePlus也記女性帶因者偶有肌無力、痙攣或心肌病，故不能把男性少活成年當女性幾乎不發病的唯一完整原因。,"299,300","348,349",Codex /root,TCU-111-R2-Q36
TCU-111-Q37,FORMAL,False,B,B,未列本輪取得的111年度生物釋疑PDF4；依同年答案，不宣稱沒有其他未取得公告,6,6,1,,questions/Q37.png,0aef1d775a5404bc33d69d12ee43d7d101e24c566a03a85c6ee8e2ac2183b5cf,L2987,44.5 / Homeostatic Regulation of the Kidney,,,44.5 / Homeostatic Regulation of the Kidney：994–996頁腎臟恆定調節直接涵蓋JGA、renin、RAAS與ADH。,無另列最小次條目；JGA因壓低釋放renin是B；其餘選項下降方向不符RAAS／滲透壓機制，腎臟恆定最小目涵蓋。,官方B。入球小動脈壓力下降可促進近腎小球器釋放腎素；RAAS一般提升血壓，非降低。腎素是啟動血管張力素生成級聯的酵素，非直接分泌血管張力素II；ADH主要受血漿滲透壓升高等刺激。,"994,995,996","1043,1044,1045",Codex /root,TCU-111-R2-Q37
TCU-111-Q38,FORMAL,False,B,B,未列本輪取得的111年度生物釋疑PDF4；依同年答案，不宣稱沒有其他未取得公告,6,6,1,,questions/Q38.png,5185a5851b7f7912b1ba7b4e60f7fe02b3ebc05fefac2a61ac4f651b45afcee9,L2170,34.2 / Derived Characters of Vertebrates,"L2183,L2192,L2199,L2212",34.3 / Derived Characters of Gnathostomes ; 34.3 / Ray-Finned Fishes and Lobe-Fins ; 34.4 / Derived Characters of Tetrapods ; 34.5 / Derived Characters of Amniotes,34.2 / Derived Characters of Vertebrates：722–723頁脊椎動物衍徵描述頭部感覺結構，作五步先後的首個最小定位。,34.3 / Derived Characters of Gnathostomes：725頁有顎類定位顎；34.3 / Ray-Finned Fishes and Lobe-Fins：729頁肉鰭支系定位肉鰭；34.4 / Derived Characters of Tetrapods：730頁四足類定位具趾四肢；34.5 / Derived Characters of Amniotes：734–735頁羊膜動物定位羊膜卵。,官方B：v頭→ii顎→i肉鰭→iii有趾四肢→iv羊膜卵。719頁支系圖與各節正文共同核對，不把章級樹圖或正文head字眼另造目錄項；同章四個次條目全保留。,"719,720,722,723,725,729,730,734,735","768,769,771,772,774,778,779,783,784",Codex /root,TCU-111-R2-Q38
TCU-111-Q39,FORMAL,False,D,D,未列本輪取得的111年度生物釋疑PDF4；依同年答案，不宣稱沒有其他未取得公告,6,6,1,,questions/Q39.png,49aa45a832271aec22d1e3ed0f004e8cbdb4bccd7c740f08f6af20fb71db33e5,L1251,20.2 / Analyzing Gene Expression,,,20.2 / Analyzing Gene Expression：423–426頁分析基因表達是比較各種表達檢測工具的真實最小條目。,無另列最小次條目；NHGRI實讀確認Western抗體辨認蛋白及相對豐度；本地目錄只Analyzing Gene Expression，兩來源責任分清。,官方D。Western blot用抗體偵測特定蛋白，可比較相對豐度；RT-PCR、原位核酸雜交及Southern各有核酸測量對象，不能直接等同蛋白量。本地該項以RNA方法為主，Western操作及定量限制以NHGRI補足，不冒稱教材有Western子目。,"423,424,425,426","472,473,474,475",Codex /root,TCU-111-R2-Q39
TCU-111-Q40,FORMAL,False,B,B,未列本輪取得的111年度生物釋疑PDF4；依同年答案，不宣稱沒有其他未取得公告,6,6,1,,questions/Q40.png,cb0d19942a63f082240c524d1e4612305f703161a3af3005278cc97e796f6231,L1010,16.2 / DNA Replication: A Closer Look,L1013,16.2 / Proofreading and Repairing DNA,16.2 / DNA Replication: A Closer Look：322–327頁DNA複製詳論區分細菌聚合酶III、I、引子酶及解旋酶。,16.2 / Proofreading and Repairing DNA：327頁校對修復直接支持聚合酶檢查新加核苷酸。,官方B。DNA pol III延伸新股並校對，pol I移除RNA引子及補DNA；引子酶做RNA，不是DNA。解旋酶分開親代雙股模板，不是負責已複製完DNA的最終解纏。,"322,323,324,325,326,327","371,372,373,374,375,376",Codex /root,TCU-111-R2-Q40
TCU-111-Q41,FORMAL,False,B,B,未列本輪取得的111年度生物釋疑PDF4；依同年答案，不宣稱沒有其他未取得公告,6,6,1,,questions/Q41.png,c5af0bece66cbb78ebb7aa1c27147da20dad8fd8edd6762d2fbd34d55da71a32,L1817,28.3 / Alveolates,,,28.3 / Alveolates：604–606頁囊泡蟲含渦鞭毛蟲與頂複蟲，可比較夜光藻和瘧原蟲親緣。,無另列最小次條目；Noctiluca與Plasmodium同Alveolata，較SAR內Stramenopiles近；NCBI與原研究題名支持渦鞭毛身份，不依發光或藻名猜測。,官方B。補充分類紀錄及原研究題名／摘要確認Noctiluca為渦鞭毛蟲；與Plasmodium同屬Alveolata。矽藻屬Stramenopiles，綠藻是別支；共同為藻類外觀或都在SAR不表示最近。原卷Chlamydomonas elegan拼寫保留。,"594,595,601,602,604,605,606","643,644,650,651,653,654,655",Codex /root,TCU-111-R2-Q41
TCU-111-Q42,FORMAL,False,D,D,未列本輪取得的111年度生物釋疑PDF4；依同年答案，不宣稱沒有其他未取得公告,6,6,1,,questions/Q42.png,ffc8bb6a52d03719c8c8bbfc3b82dafc2b72278fe7652beef8f73180e603bcb5,L2557,39.2 / A Survey of Plant Hormones,"L0676,L0679,L2570",10.5 / C4 Plants ; 10.5 / CAM Plants ; 39.3 / Biological Clocks and Circadian Rhythms,39.2 / A Survey of Plant Hormones：847–849頁植物激素綜覽的生長素與向光性對應官方D的出題機制。,10.5 / C4 Plants：203–204頁C4植物辨別玉米空間分工；10.5 / CAM Plants：205頁CAM植物辨別夜間固碳時間分工；39.3 / Biological Clocks and Circadian Rhythms：857–858頁內生晝夜節律補足日夜生長不能單由光合作用推定。,官方D。A錯把夜間當不生長，B、C混淆C4與CAM；但D以光側暗側生長素分布推成全株夜間必較快，證據不足。Tang與Boyer研究特定玉米第5葉，在25°C日／20°C夜可日快夜慢，亦受水分張力限制；不能當屏東田間莖長的直接實測，也不能據此改官方採計。,"203,204,205,847,848,849,857,858","252,253,254,896,897,898,906,907",Codex /root,TCU-111-R2-Q42
TCU-111-Q43,FORMAL,False,A,A,未列本輪取得的111年度生物釋疑PDF4；依同年答案，不宣稱沒有其他未取得公告,7,7,1,,questions/Q43.png,733209b2bc2994a11dcf777cc3fa45338527368bfe96220bc29f09472703ef31,L2557,39.2 / A Survey of Plant Hormones,,,39.2 / A Survey of Plant Hormones：852–854頁激素綜覽中的乙烯三重反應直接回答機械阻力誘發的激素。,無另列最小次條目；三重反應是乙烯專例，852–854頁最小目仍是激素綜覽；非一般觸形態變化小目，A維持。,官方A。乙烯引起伸長受抑、徑向增粗及水平生長以繞過障礙。三重反應具體列於乙烯段，不因題幹mechanical stress便誤歸39.4一般觸形態反應。,"852,853,854","901,902,903",Codex /root,TCU-111-R2-Q43
TCU-111-Q44,FORMAL,False,C,C,111年度釋疑維持C,7,7,1,4,questions/Q44.png,ffa946772b32fb5ac92e9d9db132bf896894f6c287b9a05007e5e009b224b0e0,L1251,20.2 / Analyzing Gene Expression,L1241,20.1 / Amplifying DNA: The Polymerase Chain Reaction (PCR) and Its Use in DNA Cloning,20.2 / Analyzing Gene Expression：423–424頁分析表達中的RT-PCR先由RNA合成cDNA，直接診斷步驟2錯誤。,20.1 / Amplifying DNA: The Polymerase Chain Reaction (PCR) and Its Use in DNA Cloning：420–421頁PCR模板與擴增原理補足步驟3。,官方C且111釋疑PDF4維持。RNA模板需要反轉錄酶先做cDNA；一般DNA依賴DNA聚合酶不能取代。反轉錄酶本身也是RNA依賴DNA聚合酶，故題文DNA聚合酶是未指定模板能力的簡寫。缺少適當陽性與內控時，全陰性不能證明所有人皆未感染。,"420,421,423,424","469,470,472,473",Codex /root,TCU-111-R2-Q44
TCU-111-Q45,FORMAL,False,A,A,未列本輪取得的111年度生物釋疑PDF4；依同年答案，不宣稱沒有其他未取得公告,7,7,1,,questions/Q45.png,617c2072849bdb084425fd1725276eb78567a1f4092d8a4d057089ae11dc57ab,L0914,14.4 / Dominantly Inherited Disorders,,,14.4 / Dominantly Inherited Disorders：287–288頁顯性遺傳疾病直接以亨丁頓舞蹈症說明顯性致病等位基因。,無另列最小次條目；臨床與分子層級分開；287頁亨丁頓是直接顯性病例，其他臨床典型隱性表型未因此改答案。,官方A。地中海型貧血、囊狀纖維化與鐮狀細胞貧血的典型臨床重症常用隱性模式描述；不能把鐮狀血紅素分子層次的共顯性與題問臨床疾病混淆。285–286頁作隱性病比較。,"285,286,287,288","334,335,336,337",Codex /root,TCU-111-R2-Q45
TCU-111-Q46,FORMAL,False,D,D,未列本輪取得的111年度生物釋疑PDF4；依同年答案，不宣稱沒有其他未取得公告,7,7,1,,questions/Q46.png,b5d9cf042f2d187a33669235a89a9e06a19c3a89d9c530656c39214b639eeaf9,L2218,34.5 / Reptiles,L2228,34.6 / Early Evolution of Mammals,34.5 / Reptiles：735–738頁爬行類章目明列diapsid、鱗龍與蜥蜴。,34.6 / Early Evolution of Mammals：741頁哺乳類早期演化補充合弓類，排除老鼠。,官方D。蜥蜴是雙孔支系；青蛙、鯉魚及老鼠不是。原題用infratemporal fenestra概稱每側兩孔不精確，下顳孔只是其中一種位置；教材以眼後每側一對孔描述。龜類後來失孔不表示被排除於雙孔支系。,"735,736,737,738,741","784,785,786,787,790",Codex /root,TCU-111-R2-Q46
TCU-111-Q47,FORMAL,False,D,D,111年度釋疑維持D,7,7,1,4,questions/Q47.png,b4941fc27da6254abcb209bc5c904bf1edd93cf8f6cb1733d477262b6e6fc3dd,L1059,17.3 / Alteration of mRNA Ends,,,17.3 / Alteration of mRNA Ends：345–346頁mRNA末端修飾直接記5′帽與輸出、穩定及核糖體結合。,無另列最小次條目；345頁概述與官方引用作者文第5頁外切方向比對，D核輸出成立；不把5′帽保護外切擴充為阻止所有內切。,官方D且111釋疑PDF4維持。5′帽不在最後外顯子末端，不是DNA複製起始要件。教材的保護水解概述不可擴張成防止所有內切酶；同年引用Hocine等2010之作者PDF第5頁明指抵禦5′→3′外切降解，與C內切酶不同。,"345,346","394,395",Codex /root,TCU-111-R2-Q47
TCU-111-Q48,FORMAL,False,C,C,未列本輪取得的111年度生物釋疑PDF4；依同年答案，不宣稱沒有其他未取得公告,7,7,1,,questions/Q48.png,5681c7546ecc4559b2d22aa1e969a22ab377da0e57abecb12eac7fe91d2bc96b,L1072,17.4 / Building a Polypeptide,,,17.4 / Building a Polypeptide：350–352頁多胜肽建立的起始階段直接對應核糖體辨識mRNA的序列。,無另列最小次條目；重看兩專名與Brown起始段，均協助轉譯起始，C；本地Building a Polypeptide最小項配補充，不捏造專名子項。,官方C。Shine–Dalgarno在細菌以rRNA互補協助定位，Kozak是典型真核起始密碼附近的序列環境；兩者用於轉譯起始，非轉錄啟動子。專名細節由Brown Genomes章節補足，不虛構本地同名子目或宣稱所有mRNA皆遵循此一路徑。,"350,351,352","399,400,401",Codex /root,TCU-111-R2-Q48
TCU-111-Q49,FORMAL,False,A,A,未列本輪取得的111年度生物釋疑PDF4；依同年答案，不宣稱沒有其他未取得公告,7,7,1,,questions/Q49.png,fa367c6d9ef2a85f28fa81466607a5298b500c4047f34092221c3e9668c5d961,L1013,16.2 / Proofreading and Repairing DNA,,,16.2 / Proofreading and Repairing DNA：327–328頁校對與修復圖示切除受損DNA、補合成並由ligase封口。,無另列最小次條目；327頁切除填補封口支持ligase；糖基酶只特定起始路徑，與共同末端封口不同。原圖50分界完整。,官方A。常規DNA切除式修復最後需連接酶恢復骨架連續。糖基酶是鹼基切除的起始辨識，不是所有切除路徑都相同；外切酶與反轉錄酶亦非共同必需的此末步。將所有限定於題目一般DNA修復情境。,"327,328","376,377",Codex /root,TCU-111-R2-Q49
TCU-111-Q50,FORMAL,False,C,C,未列本輪取得的111年度生物釋疑PDF4；依同年答案，不宣稱沒有其他未取得公告,7,7,1,,questions/Q50.png,6ba4f33be452a6b3917c023d6c61a147c0056fb94166539b24df70c24fc0172a,L1013,16.2 / Proofreading and Repairing DNA,L1010,16.2 / DNA Replication: A Closer Look,16.2 / Proofreading and Repairing DNA：327–328頁校對與修復區分配對選擇、聚合酶校對及事後修補對正確性的貢献。,16.2 / DNA Replication: A Closer Look：323–325頁複製詳論補足引子移除與股延伸，避免把核酸合成方向當校對方向。,官方C。3′→5′外切活性可校對新股末端；5′→3′外切活性在典型DNA pol I用於去除RNA引子，非此直接校對機制。Campbell本頁未細寫外切方向，Cooper教材補足；最沒有貢獻是選項比較，不宣稱引子處理對整體複製品質完全無關。,"323,324,325,327,328","372,373,374,376,377",Codex /root,TCU-111-R2-Q50
