題號,分類狀態,待審,原答案,採計答案,釋疑,本地原卷PDF頁,官方混科卷生物PDF頁,原卷印刷頁,答案PDF頁,官方答案PDF頁,釋疑PDF頁,原圖,原圖SHA256,主條目ID,主分類,次條目ID,次分類,主分類理由,次分類理由,科學說明,課本印刷頁,課本PDF頁,覆核者,覆核紀錄
ISU-109-Q01,FORMAL,False,B,B,未列本輪取得的109年度釋疑PDF28–29；依同年答案採計，不宣稱沒有其他未取得公告,1,19,1,1,24,,questions/Q01.png,0b73d35eb9942f9b8a28ede0ecd7f950f8b9235836170b737865efb382d98edb,L0323,6.2 / Comparing Prokaryotic and Eukaryotic Cells,,,6.2 / Comparing Prokaryotic and Eukaryotic Cells：以原核與真核細胞的胞器差異辨認枯草桿菌，直接屬細胞比較。,無另列最小次條目；逐一核對四物種的細胞類型，決定答案的共同判準是有無粒線體，6.2細胞比較最直接；不另列背景物種章。,B。枯草桿菌為細菌，無粒線體；青黴菌、酵母菌及海葵均為真核生物。題目只需細胞構造判準，未另列真菌或動物分類條目。,"97,98","146,147",Codex /root,ISU-109-R2-Q01
ISU-109-Q02,FORMAL,False,D,D,未列本輪取得的109年度釋疑PDF28–29；依同年答案採計，不宣稱沒有其他未取得公告,1,19,1,1,24,,questions/Q02.png,8fc5a97bef9cbe0fc322803faa194eb99430123cb15a22b562b9a022cd8bc447,L3144,47.2 / Gastrulation,,,47.2 / Gastrulation：原腸是在原腸形成時建立的腔，辨認其後續命運須對照原腸形成。,無另列最小次條目；以教材原腸形成图文區分腔與胚層，D為腔的命運；Gastrulation比整章動物發育精確。,D。原腸腔成為消化道管腔，內胚層構成相關上皮；不能把腔與包圍腔的胚層混為一物，亦非原有囊胚腔。,"1049,1050,1051","1098,1099,1100",Codex /root,ISU-109-R2-Q02
ISU-109-Q03,FORMAL,False,D,D,109年度7/1審議會議釋疑維持原答案D,1,19,1,1,24,28,questions/Q03.png,a730600a3f3c8005a650039deae71295feb711c850f4925863591ceb05e892f8,L0608,9.6 / The Versatility of Catabolism,,,9.6 / The Versatility of Catabolism：直接去胺屬胺基酸分解，教材提供去除胺基再利用碳骨架的分類框架。,無另列最小次條目；官方109釋疑PDF28反應圖確認serine去胺生成pyruvate，維持D；Campbell僅提供分解代謝框架，公告外Stryer全文未讀。,D。絲胺酸經PLP相關脫水去胺形成丙酮酸與銨；官方PDF28的Stryer圖正面支持此反應並維持D。甘胺酸裂解、脯胺酸氧化及丙胺酸轉胺不可等同本題直接去胺。Campbell未細列該酵素，官方所引Stryer7e印刷708僅實讀公告內圖文，未冒稱取得該書；公告的lanine拼字照存。,"182,183","231,232",Codex /root,ISU-109-R2-Q03
ISU-109-Q04,FORMAL,False,A,A,未列本輪取得的109年度釋疑PDF28–29；依同年答案採計，不宣稱沒有其他未取得公告,1,19,1,1,24,,questions/Q04.png,8bd28d0880806ce7f820690b1596b5b377859230c573ae6a66064ded671915c3,L2495,38.1 / Seed Development and Structure,L2486,38.1 / The Angiosperm Life Cycle: An Overview,38.1 / Seed Development and Structure：三倍體胚乳是種子發育與構造的直接考點。,38.1 / The Angiosperm Life Cycle: An Overview：雙重受精的生命週期圖提供兩極核加一精核的來源。,A。典型被子植物的胚乳為3n；子房、花藥母體組織及種皮通常為2n。花藥含有單倍體花粉不代表花藥本身是3n。保留題設「典型」，不泛化到所有胚囊型。,"826,827,828,829","875,876,877,878",Codex /root,ISU-109-R2-Q04
ISU-109-Q05,FORMAL,False,A,A,未列本輪取得的109年度釋疑PDF28–29；依同年答案採計，不宣稱沒有其他未取得公告,1,19,1,1,24,,questions/Q05.png,fbf25a400d8153b5f056c3e9e3e524a05a88461fae33ca7e575f33f16e730a36,L2599,39.5 / Defenses Against Herbivores,"L2596,L2557",39.5 / Defenses Against Pathogens ; 39.2 / A Survey of Plant Hormones,39.5 / Defenses Against Herbivores：以茉莉酸誘導抗食草動物防禦為主要辨認機制。,39.5 / Defenses Against Pathogens：題幹亦明列病害，保留抗病原體條目；39.2 / A Survey of Plant Hormones：39.2荷爾蒙總覽印刷855直接說明jasmonates防禦作用。,A。印刷855明述茉莉酸調控對食草動物及病原體的防禦。水楊酸亦參與抗病，但不在選项中；「最重要」限此題選項，非所有病原及情境皆以茉莉酸為唯一核心。,"847,855,866,867,868","896,904,915,916,917",Codex /root,ISU-109-R2-Q05
ISU-109-Q06,FORMAL,False,C,C,未列本輪取得的109年度釋疑PDF28–29；依同年答案採計，不宣稱沒有其他未取得公告,1,19,1,1,24,,questions/Q06.png,6badd408336525bc47509e75a1d0464e86e14d3eda6088f72947938474bf0b01,L1583,25.4 / Plate Tectonics,,,25.4 / Plate Tectonics：盤古大陸的形成及分裂屬板塊構造對生物史的影響。,無另列最小次條目；盤古會合機制位於Plate Tectonics印刷538–539，二疊紀符合時間；不把「僅有」當全年代無例外地理敘述。,C。教材印刷539描述晚古生代約2.5億年前大陸會合，四選項以二疊紀符合。題文「僅有」是地史簡化，不把全年代每個陸塊皆完全合一當精確古地理命題。,"530,538,539,540","579,587,588,589",Codex /root,ISU-109-R2-Q06
ISU-109-Q07,FORMAL,False,C,C,未列本輪取得的109年度釋疑PDF28–29；依同年答案採計，不宣稱沒有其他未取得公告,1,19,1,1,24,,questions/Q07.png,38a3c301bd07f8ab6be76e0cd7eeeea00a6f5bf3714a04e8bc000f8e3ed76297,L1254,20.2 / Determining Gene Function,,,20.2 / Determining Gene Function：由突變表型推論基因是否相同是基因功能鑑定，目錄未單列互補試驗。,無另列最小次條目；Alberts互補段明確區分同／不同基因功能缺失；20.2基因功能鑑定最接近真實目錄，沒有假造Complementation子目。,C。通常將兩個隱性功能缺失突變置於可檢驗互補的系統：不同基因可彼此提供功能，同基因通常不能。Campbell提供功能鑑定框架，Alberts互補專節支持實驗判讀；此規則有適用條件，不能套用所有顯性突變。,"426,427","475,476",Codex /root,ISU-109-R2-Q07
ISU-109-Q08,FORMAL,False,B,B,未列本輪取得的109年度釋疑PDF28–29；依同年答案採計，不宣稱沒有其他未取得公告,1,19,1,1,24,,questions/Q08.png,674abe188ed424709593340a038e400b7243e3aad33d962f15e091de7b07e00a,L1107,18.1 / Operons: The Basic Concept,L1110,18.1 / Repressible and Inducible Operons: Two Types of Negative Gene Regulation,18.1 / Operons: The Basic Concept：色胺酸作共同抑制物活化抑制子的直接機制位於操縱子基本概念印刷367。,18.1 / Repressible and Inducible Operons: Two Types of Negative Gene Regulation：可抑制操縱子屬負調控類型，另保留其最小條目。,B。色胺酸結合trp repressor後，使其可結合operator阻斷轉錄。不是色胺酸不結合，也不是與乳糖操作子結合；不混淆operator與promoter。,"366,367,368,369","415,416,417,418",Codex /root,ISU-109-R2-Q08
ISU-109-Q09,FORMAL,False,B,B,未列本輪取得的109年度釋疑PDF28–29；依同年答案採計，不宣稱沒有其他未取得公告,1,19,1,1,24,,questions/Q09.png,bcff6c9e2ead9a779beab760557f53b1ad42e57675d5b467986980c5e26289dc,L0948,15.2 / X Inactivation in Female Mammals,L0974,15.4 / Human Conditions Due to Chromosomal Alterations,15.2 / X Inactivation in Female Mammals：巴爾小體數量的關鍵是X染色體不活化。,15.4 / Human Conditions Due to Chromosomal Alterations：XXY核型與Klinefelter表徵屬染色體改變疾病。,B。典型XXY個體有一條不活化X；正常XY及唐氏症XY男性、典型XO透納氏症不具有一個Barr body。此為通常的核型判讀，不保證每個細胞切片都可見清楚小體；「休止期」按間期語境。,"300,308,309","349,357,358",Codex /root,ISU-109-R2-Q09
ISU-109-Q10,FORMAL,False,C,C,未列本輪取得的109年度釋疑PDF28–29；依同年答案採計，不宣稱沒有其他未取得公告,1,19,1,1,24,,questions/Q10.png,b60d505955d396cb27f6dead5bff651e1391e7c287099701b9d816c9c305dca9,L0961,15.3 / Mapping the Distance Between Genes Using Recombination Data: Scientific Inquiry,,,15.3 / Mapping the Distance Between Genes Using Recombination Data: Scientific Inquiry：由重組頻率求相對位置，直接屬連鎖圖譜距離推算。,無另列最小次條目；依ab10、ac8、bc18推c-a-b，再依ad30、bd20置d於b外側；五組距離全部吻合c-a-b-d及其鏡像，排除其餘三選項。,C。取a=0、b=10，因ac=8且bc=18得c=-8；ad=30且bd=20得d=30，順序c-a-b-d，反向等價。依題設以頻率近似圖距；長距離雙交換會低估距離，不能把任意實際重組率視作嚴格可加。,"305,306","354,355",Codex /root,ISU-109-R2-Q10
ISU-109-Q11,FORMAL,False,B,B,未列本輪取得的109年度釋疑PDF28–29；依同年答案採計，不宣稱沒有其他未取得公告,1,19,1,1,24,,questions/Q11.png,e0eb0804691da85bbf148bd11015404168e1d43753919e85d19fc14941ec0133,L1442,23.2 / Gene Pools and Allele Frequencies,,,23.2 / Gene Pools and Allele Frequencies：題目要求由觀察到的基因型數求等位基因與表型頻率。,無另列最小次條目；獨立以等位基因總数200計114個B，得0.57；灰色50/100，直接觀察即可，主目確為Gene Pools and Allele Frequencies。,B。總數100；B頻率=(2×32+50)/(2×100)=0.57，灰鼠頻率=50/100=50%。直接計數，不須假設Hardy–Weinberg平衡，也不以0.57平方推估已觀察基因型。,"490,491","539,540",Codex /root,ISU-109-R2-Q11
ISU-109-Q12,FORMAL,False,B,B,未列本輪取得的109年度釋疑PDF28–29；依同年答案採計，不宣稱沒有其他未取得公告,2,20,2,1,24,,questions/Q12.png,d7f7c3888b7d0e5ce3e46680efd7e35a3349e25f9da8cc9b45e3b3f4719e8fe0,L0837,13.3 / The Stages of Meiosis,L0824,13.2 / Sets of Chromosomes in Human Cells,13.3 / The Stages of Meiosis：前期I同源染色體聯會形成四分體，直接對應減數分裂階段。,13.2 / Sets of Chromosomes in Human Cells：人類正常二倍體23對染色體提供四分體數目的計數前提。,B。正常二倍體減數分裂前期I有23個二價體，每個含四條染色分體；46條染色體及92條染色分體不是四分體數。男性性染色體在可配對區聯會，不代表X與Y全長同源。,"256,257,259,260,261,262","305,306,308,309,310,311",Codex /root,ISU-109-R2-Q12
ISU-109-Q13,FORMAL,False,B,B,未列本輪取得的109年度釋疑PDF28–29；依同年答案採計，不宣稱沒有其他未取得公告,2,20,2,1,24,,questions/Q13.png,c4e4d7675040482303ef498b81af8bff04a10a4ca424bc4f4729e22ecf1835de,L1113,18.1 / Positive Gene Regulation,L1110,18.1 / Repressible and Inducible Operons: Two Types of Negative Gene Regulation,18.1 / Positive Gene Regulation：高cAMP透過CAP促進lac轉錄，辨別較高表達量的關鍵為正調控。,18.1 / Repressible and Inducible Operons: Two Types of Negative Gene Regulation：乳糖衍生的異乳糖解除lac repressor抑制，須同時保留可誘導負調控。,B。高cAMP且有乳糖可同時具CAP活化與解除抑制。直接結合抑制子的誘導物為異乳糖，原題以乳糖作培養條件；不能僅有cAMP而忽略抑制子。,"368,369,370","417,418,419",Codex /root,ISU-109-R2-Q13
ISU-109-Q14,FORMAL,False,C,C,未列本輪取得的109年度釋疑PDF28–29；依同年答案採計，不宣稱沒有其他未取得公告,2,20,2,1,24,,questions/Q14.png,5b0e3864b64c6e0560b0d329a7120d704a86165ea829dca07817b1cf454043d0,L0665,10.4 / The Calvin cycle uses the chemical energy of ATP and NADPH to reduce CO2 to sugar,,,10.4 / The Calvin cycle uses the chemical energy of ATP and NADPH to reduce CO2 to sugar：Calvin循環本身的Concept 10.4沒有更小目錄子項，為適當最小條目。,無另列最小次條目；PDF目錄37的10.4無更細子目；正文191–192的stroma與201–202一致，採Concept本身即最小真實條目。,C。Calvin循環位於葉綠體基質；印刷191–192概覽圖文與201–202循環一致。類囊體膜進行光反應，不是碳固定循環的位置。,"191,192,201,202","240,241,250,251",Codex /root,ISU-109-R2-Q14
ISU-109-Q15,FORMAL,False,A,A,未列本輪取得的109年度釋疑PDF28–29；依同年答案採計，不宣稱沒有其他未取得公告,2,20,2,1,24,,questions/Q15.png,1d73c8e607c133fd9c16f7f02d5a2fa41c12747c2c99819cfabc50bfcad4e877,L2586,39.4 / Mechanical Stimuli,,,39.4 / Mechanical Stimuli：含羞草受機械刺激的快速膨壓運動直接屬Mechanical Stimuli。,無另列最小次條目；印刷861–862的pulvini為快速膨壓運動，選A，Mechanical Stimuli直接對應；無需另加生長向性。,A。葉枕由運動細胞構成，離子與水移動改變膨壓使葉片迅速運動；不是生長素造成的緩慢生長向性，也不把整個葉柄視為特化膨大部位。,"861,862","910,911",Codex /root,ISU-109-R2-Q15
ISU-109-Q16,FORMAL,False,A,A,未列本輪取得的109年度釋疑PDF28–29；依同年答案採計，不宣稱沒有其他未取得公告,2,20,2,1,24,,questions/Q16.png,15f483540dd1fefcea7d87e41f28ffd189434e13fe3becf55837cebd203e63a5,L3768,56.3 / Landscape Structure and Biodiversity,L3745,56.1 / Threats to Biodiversity,56.3 / Landscape Structure and Biodiversity：破碎棲地邊緣與核心比例改變屬景觀結構與多樣性。,56.1 / Threats to Biodiversity：棲地破壞是造成破碎化的生物多樣性威脅，保留其背景條目。,A。面積縮小及破碎化增加邊緣相對核心比例，改變微氣候與物種互動。廊道可緩和隔離，但題幹問面積縮小伴隨的問題；「最大」為考題選項判讀，不主張所有保育場域排序相同。,"1263,1264,1270,1271","1312,1313,1319,1320",Codex /root,ISU-109-R2-Q16
ISU-109-Q17,FORMAL,False,A,A,未列本輪取得的109年度釋疑PDF28–29；依同年答案採計，不宣稱沒有其他未取得公告,2,20,2,1,24,,questions/Q17.png,82ddd4da9b86b03af19f40a53ad3de62f95f559f20cf7b2eca183436d52a5555,L0608,9.6 / The Versatility of Catabolism,L0911,14.4 / Recessively Inherited Disorders,9.6 / The Versatility of Catabolism：錯誤選項涉及胺基酸代謝底物，主分類以分解代謝而非單看遺傳病名稱。,14.4 / Recessively Inherited Disorders：B選項的體染色體隱性模式亦須查核，另保留隱性遺傳疾病。,A為錯誤敘述。楓糖尿症涉及支鏈α-酮酸脫氫酶複合體，使亮胺酸、異亮胺酸、纈胺酸及其酮酸代謝受阻；苯丙胺酸代謝障礙是典型PKU線索。GeneReviews補足Campbell未列的具體疾病；完整原題英文確為maple syrup urine disease。,"182,183,285,286,287","231,232,334,335,336",Codex /root,ISU-109-R2-Q17
ISU-109-Q18,FORMAL,False,C,C,未列本輪取得的109年度釋疑PDF28–29；依同年答案採計，不宣稱沒有其他未取得公告,2,20,2,1,24,,questions/Q18.png,508c48ce65bef7b2a706fd7189ff3ca9562fbdebbf5aa81f677164518aa7c438,L1126,18.2 / Regulation of Transcription Initiation,L1052,17.2 / Synthesis of an RNA Transcript,18.2 / Regulation of Transcription Initiation：啟動子序列改變影響起始複合體募集及轉錄速率，主屬轉錄起始調控。,17.2 / Synthesis of an RNA Transcript：轉錄合成條目補足RNA聚合酶辨認啟動子的機制。,C為最直接後果。突變可提高、降低或不明顯改變轉錄率，非必然完全停止。啟動子定義有時涵蓋起始點附近，故不把B寫成在任何情況絕不可能；題設未提供變異位置，不能直接推論轉譯或剪接缺陷。,"342,343,344,373,374,375","391,392,393,422,423,424",Codex /root,ISU-109-R2-Q18
ISU-109-Q19,FORMAL,False,B,B,未列本輪取得的109年度釋疑PDF28–29；依同年答案採計，不宣稱沒有其他未取得公告,2,20,2,1,24,,questions/Q19.png,838e3dfdf0da920352fdcb0b988637a1d7de2308ba74d2caaa657a3660907c35,L0611,9.6 / Biosynthesis (Anabolic Pathways),L0255,5.3 / Steroids,9.6 / Biosynthesis (Anabolic Pathways)：膽固醇合成為合成代謝，目錄未獨立列膽固醇限速酵素。,5.3 / Steroids：Steroids提供膽固醇的化學類型與生物功能。,B。HMG-CoA reductase將HMG-CoA還原為mevalonate，是經典限速步驟；不等同HMG-CoA synthase。Campbell只有上位生合成框架，具體反應由公開生化教材支持；C選項Pamitoly-CoA拼字原樣保留。,"75,183","124,232",Codex /root,ISU-109-R2-Q19
ISU-109-Q20,FORMAL,False,C,C,未列本輪取得的109年度釋疑PDF28–29；依同年答案採計，不宣稱沒有其他未取得公告,2,20,2,1,24,,questions/Q20.png,143fe553cb373316a3a034485ecd7351cd6a60e8cded9601204ed10c9d0e71e3,L0608,9.6 / The Versatility of Catabolism,,,9.6 / The Versatility of Catabolism：題目要求胺基酸分解途徑中的氧合酵素，屬分解代謝多樣性。,無另列最小次條目；IUBMB EC1.13.11.5反應式直接用O2開環，對應tyrosine；分類維持胺基酸分解，不移至電子傳遞。,"C。酪胺酸分解中的homogentisate 1,2-dioxygenase以O2參與芳環開環，IUBMB EC1.13.11.5反應式可核查。Campbell不逐列此路徑；不將oxygenase等同氧化磷酸化的末端氧受體。原題「酪胺酸」與通常「酪胺酸」用字差異保留。","182,183","231,232",Codex /root,ISU-109-R2-Q20
ISU-109-Q21,FORMAL,False,B,B,未列本輪取得的109年度釋疑PDF28–29；依同年答案採計，不宣稱沒有其他未取得公告,2,20,2,1,24,,questions/Q21.png,3cd374baf406801459f05bce291c96b6c045cce3065dfa0f6aadfdb73dfe6e86,L0895,14.3 / Extending Mendelian Genetics for Two or More Genes,,,14.3 / Extending Mendelian Genetics for Two or More Genes：非等位基因間遮蔽屬多基因遺傳延伸中的上位作用。,無另列最小次條目；核對印刷281–282區分不同座位上位作用與同座位顯隱性，選B；多基因孟德爾延伸是實際最小目。,B。Epistasis是不同基因座互動造成表型遮蔽；顯性與隱性通常描述同基因座等位基因關係，共顯性亦非本題機制。,"281,282","330,331",Codex /root,ISU-109-R2-Q21
ISU-109-Q22,FORMAL,False,B,B,未列本輪取得的109年度釋疑PDF28–29；依同年答案採計，不宣稱沒有其他未取得公告,2,20,2,1,24,,questions/Q22.png,269356f0018542d9a1a13aa45971ce3763ade93ed939e43ff2ca8faa8dcb55e1,L2944,44.1 / Osmoregulatory Challenges and Mechanisms,,,44.1 / Osmoregulatory Challenges and Mechanisms：鮭魚跨海水與淡水時的調滲能力直接屬滲透調節挑戰。,無另列最小次條目；可跨越海淡水鹽度並完成生活史，依教材例為廣鹽性，B；分類為調滲機制而非僅動物遷徙。,B。可適應寬廣鹽度稱euryhaline；海淡水遷移時調整鰓與腎臟離子水分處理，不表示體液直接隨外界任意改變。,"978,979,980","1027,1028,1029",Codex /root,ISU-109-R2-Q22
ISU-109-Q23,FORMAL,False,D,D,109年度7/1審議會議釋疑維持原答案D,3,21,3,1,24,"28,29",questions/Q23.png,2c8f73862069653f27747b7fdcbfef514e9517762494279db764b291fa7d4d11,L3023,45.2 / Coordination of the Endocrine and Nervous Systems,,,45.2 / Coordination of the Endocrine and Nervous Systems：下視丘經垂體門脈控制腺垂體，屬內分泌與神經系統協調。,無另列最小次條目；完整核對官方PDF28末段及29續圖，D為解除抑制；Campbell的刺激訊號未否定多巴胺抑制，補充Prolactin段說明雙向調節。,D。下視丘多巴胺抑制泌乳激素；減少即解除抑制。官方PDF28–29跨頁Vander圖文與回覆均維持D。Campbell提及PRH的刺激不能排除主要的多巴胺抑制調控；另由公開內分泌教材補足。不冒稱讀取Vander全書。,"1006,1007,1008","1055,1056,1057",Codex /root,ISU-109-R2-Q23
ISU-109-Q24,FORMAL,False,D,D,未列本輪取得的109年度釋疑PDF28–29；依同年答案採計，不宣稱沒有其他未取得公告,3,21,3,1,24,,questions/Q24.png,b97386b47ff8a2cf35110d1bfc3f783f9b93c75b07809ccd9b18143454352079,L0958,15.3 / Genetic Recombination and Linkage,L0763,12.1 / Distribution of Chromosomes During Eukaryotic Cell Division,15.3 / Genetic Recombination and Linkage：染色分體DNA交換的最接近真實目錄家族是Genetic Recombination and Linkage，目錄並未獨列SCE。,12.1 / Distribution of Chromosomes During Eukaryotic Cell Division：保留姐妹染色分體形成及分離的細胞分裂基礎，防止與同源染色體混同。,D。BrdU差別染色使姐妹染色分體交換呈深淺交替。Campbell該主條目主要講減數分裂非姐妹交換，不能充作SCE直接證明；直接判讀依Wolff作者回顧及Perry/Wolff原論文摘要。SCE通常不產生不同等位基因的新組合，故C的meiotic recombinant不是同義詞。,"236,237,302,303,304","285,286,351,352,353",Codex /root,ISU-109-R2-Q24
ISU-109-Q25,FORMAL,False,D,D,未列本輪取得的109年度釋疑PDF28–29；依同年答案採計，不宣稱沒有其他未取得公告,3,21,3,1,24,,questions/Q25.png,379304cc883828b3bb4e110ced85a827435135af9592e8ba69ad68eb1d2f079b,L1215,19.3 / Emerging Viral Diseases,L1013,16.2 / Proofreading and Repairing DNA,19.3 / Emerging Viral Diseases：RNA病毒的高突變率及疾病出現直接載於病毒新興疾病條目。,16.2 / Proofreading and Repairing DNA：DNA聚合酶校對條目作錯誤率差異的機制比較。,D為教材一般規則。多數RNA病毒複製缺少有效校對，但冠狀病毒nsp10–nsp14具有校對外切酶功能，原作者生化實驗支持此例外。因此保留原選項，不把「RNA病毒缺乏」改寫成毫無例外的普遍定律。,"327,409,410","376,458,459",Codex /root,ISU-109-R2-Q25
ISU-109-Q26,FORMAL,False,B,B,未列本輪取得的109年度釋疑PDF28–29；依同年答案採計，不宣稱沒有其他未取得公告,3,21,3,1,24,,questions/Q26.png,7a9a522ade40e757fb6befa0abb722ebbdc2b1c7f4a95ad81bda08f5ef409e69,L0466,7.5 / Endocytosis,L0349,6.4 / Lysosomes: Digestive Compartments,7.5 / Endocytosis：膜內陷形成囊泡並送入內體，主題是胞吞攝取與胞內運輸順序。,6.4 / Lysosomes: Digestive Compartments：溶酶體水解酶與消化功能構成後續處理步驟。,官方B：甲丁戊乙丙，是四選項中合理的簡化順序。晚期內體已可開始水解，成熟內體／溶酶體為連續路徑，不強稱降解只能等成熟溶酶體才開始。C將水解置於形成內體之前，也不能因上述差異改採C。原題胞飲(endocytosis)中英範圍不等同，endocytosis為較廣義胞吞。,"107,108,139,140","156,157,188,189",Codex /root,ISU-109-R2-Q26
ISU-109-Q27,FORMAL,False,C,C,未列本輪取得的109年度釋疑PDF28–29；依同年答案採計，不宣稱沒有其他未取得公告,3,21,3,1,24,,questions/Q27.png,fdf177e3eb2329dc1bdf76115e30cf3785fe4f1d6e0c3ab514d26fb25d14c3c4,L0456,7.4 / Cotransport: Coupled Transport by a Membrane Protein,L2717,41.3 / Absorption in the Small Intestine,7.4 / Cotransport: Coupled Transport by a Membrane Protein：Na+梯度驅動葡萄糖共同運輸，直接屬耦合運輸機制。,41.3 / Absorption in the Small Intestine：小腸吸收說明頂端共同轉運器與基底外側鈉鉀幫浦的極性配置。,C。小腸頂端SGLT與基底外側Na+/K+幫浦位於同細胞不同側；葡萄糖可逆濃度梯度進入。Campbell印刷139寫glucose moving down its concentration gradient，與印刷910的against concentration gradients及耦合原理有措辭差異；原教材不改寫，依910及梯度供能判讀，不因139否認逆梯度能力。,"138,139,909,910","187,188,958,959",Codex /root,ISU-109-R2-Q27
ISU-109-Q28,FORMAL,False,C,C,未列本輪取得的109年度釋疑PDF28–29；依同年答案採計，不宣稱沒有其他未取得公告,3,21,3,1,24,,questions/Q28.png,61f720f4b7320d7820c96edc57a05c45473f66f11550d8899f0e7cc9fe3d1292,L3209,48.3 / Generation of Action Potentials: A Closer Look,,,48.3 / Generation of Action Potentials: A Closer Look：相對不反應期與復極／過極化的電壓閘控通道狀態直接屬動作電位生成。,無另列最小次條目；教材過極化及出版社樣章PDF5支持延遲K導度主要解釋相對期，C；同時保留Na通道部分恢復的貢獻，未寫成絕對互斥。,C。鉀通道延遲關閉、鉀導度仍高，使膜較難達閾值，需較強刺激；鈉通道失活主要解釋絕對不反應期，恢復尚未完全亦可參與相對期。原選項「更多」按相對靜息狀態理解，不意指整段相對期開啟數持續增加。,"1073,1074,1075","1122,1123,1124",Codex /root,ISU-109-R2-Q28
ISU-109-Q29,FORMAL,False,A,A,未列本輪取得的109年度釋疑PDF28–29；依同年答案採計，不宣稱沒有其他未取得公告,3,21,3,1,24,,questions/Q29.png,511d4830e8c5eb79e4ac8172bdf38ac2f5d5efe72cfe17d2477239df4eecb09c,L3212,48.3 / Conduction of Action Potentials,,,48.3 / Conduction of Action Potentials：髓鞘和郎氏結的通道分布使動作電位跳躍式傳導。,無另列最小次條目；圖文直接支持郎氏結集中電壓閘控Na通道、跳躍傳導；採A但限制通道種類，不主張其他部位全無離子通道。,A。再生動作電位所需的電壓閘控Na+通道集中於郎氏結；題目泛稱「離子通道」較粗略，並非所有種類通道都只存在結上，亦非髓鞘下完全沒有通道。,"1075,1076,1077","1124,1125,1126",Codex /root,ISU-109-R2-Q29
ISU-109-Q30,FORMAL,False,B,B,未列本輪取得的109年度釋疑PDF28–29；依同年答案採計，不宣稱沒有其他未取得公告,3,21,3,1,24,,questions/Q30.png,cf6313ca85fb6f57131e9809aa4dbeaba12f283c42c7fc4980ab60421c5bcf2e,L3384,50.5 / Other Types of Muscle,L3381,50.5 / Vertebrate Skeletal Muscle,50.5 / Other Types of Muscle：平滑肌的鈣調控機制載於其他肌肉類型。,50.5 / Vertebrate Skeletal Muscle：骨骼肌的troponin調控提供題目要求的跨肌種比較。,B。平滑肌Ca2+結合calmodulin後活化MLCK，調控肌球蛋白；骨骼肌／心肌收縮的主要直接開關為troponin。其他肌細胞仍有calmodulin參與其他過程，原題「不需要」限收縮直接調控路徑；旋轉素／攜鈣素為原題用語。,"1128,1129,1131,1132","1177,1178,1180,1181",Codex /root,ISU-109-R2-Q30
ISU-109-Q31,FORMAL,False,D,D,未列本輪取得的109年度釋疑PDF28–29；依同年答案採計，不宣稱沒有其他未取得公告,3,21,3,1,24,,questions/Q31.png,2f6bb019d7ca9ae0524d6153efe15116352e907e49198fcbdc031d63cfdc1026,L2783,42.3 / Blood Vessel Structure and Function,,,42.3 / Blood Vessel Structure and Function：靜脈高順應性和容量血管功能決定靜態血量分布。,無另列最小次條目；Klabunde容量血管段確認靜脈血量最多，D；不以微血管截面積答題，42.3血管結構功能直接對應。,D。體靜脈系統容納最多循環血量；作者生理教材給典型靜脈容量約60–80%的範圍，不視為每人固定值。血量存量不同於總截面積、流速或心輸出量。,"929,930,931","978,979,980",Codex /root,ISU-109-R2-Q31
ISU-109-Q32,FORMAL,False,D,D,未列本輪取得的109年度釋疑PDF28–29；依同年答案採計，不宣稱沒有其他未取得公告,4,22,4,1,24,,questions/Q32.png,d7765964ed5a6507702a2082016a9f3eb4e3eba9dbef817ccc7723d5b837bc12,L2802,42.4 / Blood Composition and Function,,,42.4 / Blood Composition and Function：白血球類別與血液成分功能為直接題目範圍。,無另列最小次條目；題問周邊血分類計數而非抗原反應，42.4血液成分直接；S32補足成人嗜中性球比例，保留年齡差異。,D。一般成人周邊血嗜中性球比例最高，公開組織學教材約50–70%。Campbell列白血球類型，細分類比例由補充教材支持；兒童年齡差異及疾病變動不可混入題設「正常人」的通常成人判讀。,"934,935,936","983,984,985",Codex /root,ISU-109-R2-Q32
ISU-109-Q33,FORMAL,False,A,A,未列本輪取得的109年度釋疑PDF28–29；依同年答案採計，不宣稱沒有其他未取得公告,4,22,4,1,24,,questions/Q33.png,0ff38fd96c86b3734ae8eae1b0e0fc14b011cb45132d6e475de227678475c15e,L2773,42.2 / The Mammalian Heart: A Closer Look,,,42.2 / The Mammalian Heart: A Closer Look：以每搏量和心輸出量求心率，直接屬哺乳類心臟功能。,無另列最小次條目；另行重算SV60 mL，4200/60=70/min；採A並註明原文4.2 L缺/min，完整題文與原圖不增字。,A。每搏量=125−65=60 mL；若心輸出量4.2 L/min，心率=4200/60=70次/min。原題只印4.2 L，缺每分鐘單位；依心輸出量的流量定義及問每分鐘心跳理解，原圖與原題文字不補字。,"926,927,928","975,976,977",Codex /root,ISU-109-R2-Q33
ISU-109-Q34,FORMAL,False,B,B,未列本輪取得的109年度釋疑PDF28–29；依同年答案採計，不宣稱沒有其他未取得公告,4,22,4,1,24,,questions/Q34.png,b36ed3c85c9a2b8d676dfbef1f8a3136767d84686766d9ae40a551a95629de4f,L2773,42.2 / The Mammalian Heart: A Closer Look,,,42.2 / The Mammalian Heart: A Closer Look：心室週期各階段的壓力變化是心臟運作條目的直接考點。,無另列最小次條目；比較dP/dt與壓力峰值，作者教材指等容收縮達最大上升率；B，無需將射血較高壓力錯當變化率。,B。等容收縮期間四瓣關閉、心室壓快速上升；最大dP/dt是壓力上升速率，不是射血期較高的壓力峰值。Campbell支援週期框架，作者生理教材直接支持最大上升率所在階段。,"926,927,928","975,976,977",Codex /root,ISU-109-R2-Q34
ISU-109-Q35,FORMAL,False,A,A,未列本輪取得的109年度釋疑PDF28–29；依同年答案採計，不宣稱沒有其他未取得公告,4,22,4,1,24,,questions/Q35.png,4eee642f3d89beb346e4e988f712444373610cd3344649c2f016e070f78767b3,L2802,42.4 / Blood Composition and Function,,,42.4 / Blood Composition and Function：凝血蛋白由血液成分功能下的凝血過程說明。,無另列最小次條目；印刷936–937凝血箭頭顯示thrombin作用於fibrinogen，A；不把前驅物或抗凝物當催化酵素。,A。Thrombin催化fibrinogen轉為fibrin；prothrombin是前驅物，肝素為抗凝而非此轉換酵素。,"935,936,937","984,985,986",Codex /root,ISU-109-R2-Q35
ISU-109-Q36,FORMAL,False,A,A,109年度7/1審議會議釋疑維持原答案A,4,22,4,1,24,29,questions/Q36.png,34e9457a4ad8509ec091928e7c178843af3a8f704d2cb8474e357e17e2dc5acd,L2853,42.7 / Respiratory Pigments,,,42.7 / Respiratory Pigments：影響血紅素氧解離與親和力的因素屬呼吸色素。,無另列最小次條目；官方109釋疑PDF29維持A；固定PO2比較解離曲線，區分DPG改親和力與低PO2改飽和度，也保留慢性缺氧可間接改DPG。,"A。2,3-DPG增加使血紅素較不易結氧，官方PDF29引用Vander15e印刷468維持A。單純低PO2降低飽和度不等於在相同PO2下親和力下降；慢性缺氧可間接提高DPG，須區分即時自變項及適應。原題二磷甘油酯用詞照存，現亦稱2,3-BPG。","947,948,949","996,997,998",Codex /root,ISU-109-R2-Q36
ISU-109-Q37,FORMAL,False,C,C,未列本輪取得的109年度釋疑PDF28–29；依同年答案採計，不宣稱沒有其他未取得公告,4,22,4,1,24,,questions/Q37.png,2c22e701561b7d56e77f92d45aedb51cd0d03a68cd9b613f0f42d1064384d012,L2843,42.6 / Control of Breathing in Humans,,,42.6 / Control of Breathing in Humans：頸動脈體偵測動脈氣體以調整通氣，是呼吸控制的周邊化學回饋。,無另列最小次條目；Campbell周邊呼吸回饋加S37舌咽神經分支確認C；B的迷走屬主要主動脈體路徑，不能套到頸動脈體。,C。低PaO2刺激頸動脈體，亦可反應CO2與H+。頸動脈體傳入主要經舌咽神經而非B的迷走神經；主動脈體才主要走迷走。頸動脈竇壓力受器與頸動脈體化學受器不混同。,"945,946,947","994,995,996",Codex /root,ISU-109-R2-Q37
ISU-109-Q38,FORMAL,False,C,C,未列本輪取得的109年度釋疑PDF28–29；依同年答案採計，不宣稱沒有其他未取得公告,4,22,4,1,24,,questions/Q38.png,18f255bddcee72b3a703710b40c59994cf825b6dd8649db8987b23c4d29da72e,L2714,41.3 / Digestion in the Small Intestine,L2711,41.3 / Digestion in the Stomach,41.3 / Digestion in the Small Intestine：胰臟酵素分泌至小腸時的活化狀態是主要比较。,41.3 / Digestion in the Stomach：胃以pepsinogen分泌再活化，補足A選項的跨部位比較。,C。澱粉酶可直接以活性形式分泌；pepsin、trypsin及chymotrypsin通常先以相應酵素原分泌以避免自我消化。選項列活化酵素名稱，不代表它們的分泌型也是活化型。,"907,908,909","956,957,958",Codex /root,ISU-109-R2-Q38
ISU-109-Q39,FORMAL,False,D,D,未列本輪取得的109年度釋疑PDF28–29；依同年答案採計，不宣稱沒有其他未取得公告,4,22,4,1,24,,questions/Q39.png,86b48d5976ff59685b124fa7fc870aad5fcba2f899a6f6afbb24022f9a8edb71,L3309,49.5 / The Brain’s Reward System and Drug Addiction,,,49.5 / The Brain’s Reward System and Drug Addiction：中腦多巴胺獎賞迴路及成癮，直接有腦獎賞系統最小條目。,無另列最小次條目；題目要求獎賞與濫藥特定迴路，49.5明列Brain’s Reward System，較總論精確，D而非黑質紋狀體。,D。腹側被蓋區投射到伏隔核等邊緣區的多巴胺迴路與獎賞／濫藥相關。黑質紋狀體主要關聯動作調控；其他選項可能參與行為，但不是此題最直接路徑。,"1103,1104","1152,1153",Codex /root,ISU-109-R2-Q39
ISU-109-Q40,FORMAL,False,C,C,未列本輪取得的109年度釋疑PDF28–29；依同年答案採計，不宣稱沒有其他未取得公告,4,22,4,1,24,,questions/Q40.png,3ebb9247cef32ad62e256ecd7d7bbfe019267e6a129bbf5300780d12a9284973,L2743,41.5 / Regulation of Energy Storage,L3039,45.3 / Adrenal Hormones: Response to Stress,41.5 / Regulation of Energy Storage：長時間運動調整燃料動員，胰島素下降屬能量儲存的調節。,45.3 / Adrenal Hormones: Response to Stress：腎上腺素促進燃料動員提供持續運動的荷爾蒙背景。,C。持續運動時交感及腎上腺素性作用可抑制胰島素分泌，肌肉仍可因收縮增加葡萄糖攝取；脂肪酸可供能。此為典型持續運動條件，不混同訓練後靜息或任意進食／補糖情境。,"915,916,1012,1013","964,965,1061,1062",Codex /root,ISU-109-R2-Q40
ISU-109-Q41,FORMAL,False,D,D,未列本輪取得的109年度釋疑PDF28–29；依同年答案採計，不宣稱沒有其他未取得公告,5,23,5,1,24,,questions/Q41.png,12365dddca7689cee58efa4d12a86712dcc52a6763d988c58c8edb880b7cbe52,L3251,49.2 / The vertebrate brain is regionally specialized,L2708,"41.3 / The Oral Cavity, Pharynx, and Esophagus",49.2 / The vertebrate brain is regionally specialized：定位延髓需腦區特化；正文腦幹敘述在49.2首個小目之前，目錄未另列Brainstem。,"41.3 / The Oral Cavity, Pharynx, and Esophagus：吞嚥的咽與食道過程提供反射功能背景。",D。Campbell印刷1093的延髓功能包含吞嚥。橋腦可參與相關網絡，但題目問典型吞嚥中樞定位。最小目錄採Concept 49.2，不虛構正文圖說為目錄小目。,"906,1091,1092,1093","955,1140,1141,1142",Codex /root,ISU-109-R2-Q41
ISU-109-Q42,FORMAL,False,A,A,未列本輪取得的109年度釋疑PDF28–29；依同年答案採計，不宣稱沒有其他未取得公告,5,23,5,1,24,,questions/Q42.png,f6f185bb363511c7e073c3521677198eb9c50636236b97ae4b89e3ae833d5df2,L2805,42.4 / Cardiovascular Disease,,,42.4 / Cardiovascular Disease：LDL與HDL相對含量的動脈粥狀硬化風險，直接屬心血管疾病。,無另列最小次條目；教材心血管疾病段支持A為可能風險上升；不把關聯寫成個人診斷或HDL的無條件因果保護。,A。LDL相對HDL增加是教材列出的風險關係；是群體風險指標，非單一比值足以診斷，亦不把HDL一律視為因果性保護保證。,"937,938,939","986,987,988",Codex /root,ISU-109-R2-Q42
ISU-109-Q43,FORMAL,False,D,D,未列本輪取得的109年度釋疑PDF28–29；依同年答案採計，不宣稱沒有其他未取得公告,5,23,5,1,24,,questions/Q43.png,3b996c802dd82941c39c39da96b7c9b57a6f5e6ffd242dfc8c8be05e66c977ed,L3381,50.5 / Vertebrate Skeletal Muscle,L3206,48.3 / Graded Potentials and Action Potentials,50.5 / Vertebrate Skeletal Muscle：張力由肌纖維大小、運動單元招募及刺激頻率調節，主屬骨骼肌。,48.3 / Graded Potentials and Action Potentials：動作電位全有全無特性解釋D不是一般張力編碼方式。,D。正常生理條件下，單一肌纖維動作電位幅度近全有全無，張力以頻率、招募及纖維大小調節。不可擴張為任何病理性膜電位或離子改變都不影響收縮。,"1073,1128,1129,1130,1131","1122,1177,1178,1179,1180",Codex /root,ISU-109-R2-Q43
ISU-109-Q44,FORMAL,False,B,B,109年度7/1審議會議釋疑維持原答案B,5,23,5,1,24,29,questions/Q44.png,db71c4e529e780c59d2d3089ac2ad02b67ab77fd8b7cec586dae643d1bcae4ea,L1019,16.2 / Replicating the Ends of DNA Molecules,,,16.2 / Replicating the Ends of DNA Molecules：端粒酶解決線性染色體末端複製問題，直接有末端複製條目。,無另列最小次條目；教材末端圖與官方PDF29均為加在既有DNA3′端、合成5′→3′；B，另一股補齊不是端粒酶直接雙股延伸。,B。端粒酶以自身RNA為模板，向既有DNA的3′端加核苷酸，合成方向仍為5′→3′；互補股由其他複製酵素補上，不是端粒酶直接同時延長兩股。官方PDF29所引Weaver3e印刷735維持B，引用頁限公告內內容。,"328,329","377,378",Codex /root,ISU-109-R2-Q44
ISU-109-Q45,FORMAL,False,C,C,未列本輪取得的109年度釋疑PDF28–29；依同年答案採計，不宣稱沒有其他未取得公告,5,23,5,1,24,,questions/Q45.png,6240505953981a69d0126926cfedbded9b4a811422254cbab6eb59492ddc6161,L2763,42.1 / Organization of Vertebrate Circulatory Systems,,,42.1 / Organization of Vertebrate Circulatory Systems：龜類心室分隔及肺／體循環分流直接屬脊椎動物循環系統比較。,無另列最小次條目；重新開Q45原圖，對照Campbell龜類及原作者腔室圖：體動脈出口連CV，肺旁路為R-L，C正確。研究物種不同與NOAA取得失敗明示，未用其冒充綠蠵龜直接量測。,C。龜類有兩心房及未完全隔開的心室；體動脈流出途徑由cavum venosum通向主動脈，略過肺為右至左分流，非D的左至右。cavum venosum名稱不代表其中永遠僅有缺氧血。Campbell圖文支援龜類框架；1976原研究對象為Pseudemys與Testudo，支持一般龜類腔室機制，不冒稱綠蠵龜直接實驗。NOAA海龜PDF取得失敗，未作已讀證據。,"924,925,926","973,974,975",Codex /root,ISU-109-R2-Q45
ISU-109-Q46,FORMAL,False,A,A,109年度7/1審議會議釋疑維持原答案A,5,23,5,1,24,29,questions/Q46.png,2c2432c99b20a7a55005b329cb7fc6765dddd5b55dc94ac0a923c47ba8653f9f,L2733,41.4 / Mutualistic Adaptations,,,41.4 / Mutualistic Adaptations：反芻胃內微生物協助植物食物消化，直接屬互利適應。,無另列最小次條目；題問共生消化的胃室位置，41.4互利適應直接；官方PDF29以主要發酵及最大胃室維持A，未推論其他胃室完全無菌。,A。瘤胃是主要共生發酵場所，官方PDF29引用Sherwood2e印刷655，稱容量最大且為纖維消化主場所，維持A。不是其他胃室沒有細菌，也不將「最多」偷換成經測量各部位每毫升密度；引用書頁僅讀公告圖文。,"912,913,914","961,962,963",Codex /root,ISU-109-R2-Q46
ISU-109-Q47,FORMAL,False,C,C,未列本輪取得的109年度釋疑PDF28–29；依同年答案採計，不宣稱沒有其他未取得公告,5,23,5,1,24,,questions/Q47.png,c696e38977e21aa22a86fe0d339d5c7293f6de7554f53ded39bbac4645f1543f,L2805,42.4 / Cardiovascular Disease,,,42.4 / Cardiovascular Disease：心肌受損釋出酵素的病理情境對應心血管疾病；Campbell未細列標記時間。,無另列最小次條目；S47歷史教材指受損後早期升高而非正常零值，C；按四個酵素判讀，不宣稱CK是所有標記中最早或現行唯一診斷指標。,C。依原題四種酵素，CK是心肌受損後早期上升的典型指標，補充教材列約3–6小時。CK原本就可在血中測得，應理解為受損後增高，不是首次從無到有；總CK非心肌專一，CK-MB也不等同總CK，不主張其為所有現行生物標記中最早。,"937,938","986,987",Codex /root,ISU-109-R2-Q47
ISU-109-Q48,FORMAL,False,C,C,未列本輪取得的109年度釋疑PDF28–29；依同年答案採計，不宣稱沒有其他未取得公告,5,23,5,1,24,,questions/Q48.png,0f940f7f29cb252e9d075144d3115cb083db469b346cb32bf5cc4b018acecceb,L2970,44.4 / The nephron is organized for stepwise processing of blood filtrate,,,44.4 / The nephron is organized for stepwise processing of blood filtrate：大小選擇性濾過在Concept 44.4印刷987開头、From Blood Filtrate to Urine之前，故以該Concept為最小真實目錄。,無另列最小次條目；重開原圖及完整印刷987，濾過選擇性在44.4引言、From Blood Filtrate to Urine之前，主目修為44.4。尿素C最易過濾，保留全屏障多層結構限制。,C。尿素分子小，可自由濾過；紅血球及多數大分子蛋白被完整濾過屏障限制。題幹只寫內皮窗孔較簡化，實際屏障還有基底膜及足細胞裂隙；不把單一窗孔說成全部選擇性的唯一來源。,"984,985,986,987","1033,1034,1035,1036",Codex /root,ISU-109-R2-Q48
ISU-109-Q49,FORMAL,False,B,B,未列本輪取得的109年度釋疑PDF28–29；依同年答案採計，不宣稱沒有其他未取得公告,5,23,5,1,24,,questions/Q49.png,441f667e1ea7cf1e69cd3779d4b49d3c6c93edbd7a647768d8ada6a7d9e710c4,L2987,44.5 / Homeostatic Regulation of the Kidney,,,44.5 / Homeostatic Regulation of the Kidney：低鈉經RAAS與醛固酮保鈉屬腎臟恆定調節。,無另列最小次條目；低鈉典型RAAS保鈉反應為B；濃度還受尿量影響，腎素應拼renin，兩項差異都保留，分類仍為腎臟恆定調節。,B。典型低鈉攝入刺激保鈉反應，使醛固酮增加、腎鈉重吸收增加。尿鈉排出量與濃度須區分，濃度亦受水量影響。原題腎素英文rennin應為renin，rennin另指凝乳酶用語；原題照存。,"994,995,996","1043,1044,1045",Codex /root,ISU-109-R2-Q49
ISU-109-Q50,FORMAL,False,B,B,未列本輪取得的109年度釋疑PDF28–29；依同年答案採計，不宣稱沒有其他未取得公告,5,23,5,1,24,,questions/Q50.png,1b03a7c515d862b73e238dec953637bfe3c41350101058eef9b1fd57f1e91d49,L0673,10.5 / Photorespiration: An Evolutionary Relic?,"L0676,L0679",10.5 / C4 Plants ; 10.5 / CAM Plants,10.5 / Photorespiration: An Evolutionary Relic?：熱乾燥環境中C3植物Rubisco氧化反應增加，直接屬光呼吸。,10.5 / C4 Plants：玉米以C4空間分隔濃縮CO2；10.5 / CAM Plants：鳳梨和仙人掌的CAM時間分隔減少水分代價及光呼吸。,B。菠菜是C3植物，關閉氣孔使葉內CO2低而相對O2高，較易光呼吸；玉米C4、鳳梨及仙人掌CAM具有濃縮／保存CO2策略。比較限題設典型條件，不說CAM或C4絕無光呼吸。,"203,204,205","252,253,254",Codex /root,ISU-109-R2-Q50
