題號,分類狀態,待審,原答案,採計答案,釋疑,原卷PDF頁,答案PDF頁,釋疑PDF頁,原圖,原圖SHA256,主條目ID,主分類,次條目ID,次分類,主分類理由,次分類理由,科學說明,課本印刷頁,課本PDF頁,目錄行號,目錄PDF頁,補充來源,第二輪紀錄
CMU-115-Q01,FORMAL,False,D,D,未列於已取得的115年度生物釋疑PDF8–9，依同年度原答案採計,2,1,,questions/Q01.png,bc1ad459f0c0a280f09c5b3a7daa20f2bbdd55e548b3b695d48a9d32232178b9,L0614,9.6 / Regulation of Cellular Respiration via Feedback Mechanisms,L2743,41.5 / Regulation of Energy Storage,核心是以異位效應物調節糖解及糖質新生的代謝流量，採9.6酵素回饋調節最小條目。,41.5補充升糖素促進肝臟釋糖的生理調控，不將激素名稱直接當主分類。,"D；F2,6BP下降使PFK-1活化減少、FBPase-1抑制解除。Campbell只提供調節框架，分子細節由原始研究補足。","183,184,916","232,233,965","614,2743","37,46",S01,CMU-115-R2-Q01
CMU-115-Q02,FORMAL,False,B,B,未列於已取得的115年度生物釋疑PDF8–9，依同年度原答案採計,2,1,,questions/Q02.png,df8e0402b609a7ae61a319e3dccc840f7cc19153a12023e95613a33192d7c793,L2743,41.5 / Regulation of Energy Storage,L0343,6.4 / The Endoplasmic Reticulum: Biosynthetic Factory,考肝臟能向血液輸出葡萄糖的組織特性；41.5血糖恆定內容位於Regulation of Energy Storage之下，較單限糖解或糖質新生精確。,6.4內質網條目保留題目指定的酵素膜系統位置；不是憑內質網一詞取代血糖功能主軸。,B；肝臟G6Pase系統位於ER，催化產生游離葡萄糖。骨骼肌缺乏支撐淨釋糖的肝型系統；勿擴大為所有G6Pase同功型均不存在。,"915,916,104,105","964,965,153,154","2743,343","36,46",S02,CMU-115-R2-Q02
CMU-115-Q03,FORMAL,False,D,D,未列於已取得的115年度生物釋疑PDF8–9，依同年度原答案採計,2,1,,questions/Q03.png,33bc92e4d58c081dbfa9066f7fae0c5e05a5c823e8783c344dca4e7ad644c1b9,L0656,10.3 / Linear Electron Flow,,,NADP+是線性電子流末端受體；循環電子流不產NADPH，故選Linear Electron Flow。,不增加呼吸電子傳遞章；本題明確限定植物光反應。,D；電子經PSI、ferredoxin及NADP+ reductase轉至NADP+形成NADPH。,"197,198","246,247",656,37,,CMU-115-R2-Q03
CMU-115-Q04,FORMAL,False,B,B,未列於已取得的115年度生物釋疑PDF8–9，依同年度原答案採計,2,1,,questions/Q04.png,c8113bbff41247e26c425d2df5f305ccd0bdbed770a45ee9a91ff58b0ecda0a5,L0611,9.6 / Biosynthesis (Anabolic Pathways),,,題目是從丙酮酸合成葡萄糖的同化途徑；Biosynthesis直接提到由pyruvate製造glucose，不能因oxaloacetate而誤列TCA主分類。,粒線體只是反應區室，不另計細胞構造章。,B；題目指定的malate輸出路線為pyruvate→oxaloacetate→malate。這是其中一條輸出路線，並非所有糖質新生均必經malate。,183,232,611,37,S03,CMU-115-R2-Q04
CMU-115-Q05,FORMAL,False,D,D,未列於已取得的115年度生物釋疑PDF8–9，依同年度原答案採計,2,1,,questions/Q05.png,56df4187ed588d0c580cf4787ff758e1ee46d0576e653d149e6c123582b43610,L0343,6.4 / The Endoplasmic Reticulum: Biosynthetic Factory,,,粗糙ER參與分泌蛋白的初步醣基化；目錄最小項是The Endoplasmic Reticulum: Biosynthetic Factory，不自造N-linked子目錄。,Golgi為干擾選項及後續修飾場所，不列次分類。,D；初步N-linked醣基化在粗糙ER，後續修飾可在Golgi進行。,"104,105,106","153,154,155",343,36,,CMU-115-R2-Q05
CMU-115-Q06,FORMAL,False,A,A或D,原A，更正為A或D,2,1,8,questions/Q06.png,7a25ed0ad6163807a80eaa15b48d5443506542457b772c934a7c3913c4bd3729,L3633,54.3 / Ecological Succession,L3564,53.4 / “Trade-offs” and Life Histories,核心是演替初期先驅物種的拓殖特徵，主列Ecological Succession。,53.4生活史取捨支援短壽命、多後代及親代投資的比較。,原答案A；官方釋疑第8頁更正A或D，據此採計。A原文附加親代照顧周全與釋疑分析不一致；分類仍明確為演替及生活史，差異已留存而非改寫原題。,"1229,1230,1201,1202","1278,1279,1250,1251","3633,3564","49,50",,CMU-115-R2-Q06
CMU-115-Q07,FORMAL,False,D,D,未列於已取得的115年度生物釋疑PDF8–9，依同年度原答案採計,2,1,,questions/Q07.png,27eb5dd335b5ed4f45098329f2a31022253af166984077d7db091474f73493b3,L2802,42.4 / Blood Composition and Function,,,教材在Blood Composition and Function下直接說明低氧→腎臟EPO→紅血球生成，主列42.4。,一般內分泌章不再重複列入；42.4已包含本題整條因果鏈。,D；低氧提高腎臟EPO分泌並刺激紅血球生成。,"934,935,936","983,984,985",2802,46,,CMU-115-R2-Q07
CMU-115-Q08,FORMAL,False,C,C,未列於已取得的115年度生物釋疑PDF8–9，依同年度原答案採計,2,1,,questions/Q08.png,37ab1bc156422a5ada90d67b84b87e4da4db00b00abda516ed1bf2c3d27968ee,L3231,48.4 / Neurotransmitters,,,考箭毒阻斷神經肌肉接合處的ACh作用，最小目錄是Neurotransmitters。,骨骼肌癱瘓是突觸阻斷後果，不另列整套肌肉收縮分類。,C；curare拮抗神經肌肉接合處的菸鹼型乙醯膽鹼受體。,"1080,1081","1129,1130",3231,48,,CMU-115-R2-Q08
CMU-115-Q09,FORMAL,False,A,A,未列於已取得的115年度生物釋疑PDF8–9，依同年度原答案採計,3,1,,questions/Q09.png,15872d26d17c1a270bed33c55def1ae24af9171f0b87d3bbdf6c03ed05e3f89f,L2998,45.1 / Intercellular Information Flow,,,前列腺素是旁分泌／自分泌的局部調節物；Intercellular Information Flow正文直接以aspirin阻止其合成為例。,疼痛與發炎是作用結果，不把整個免疫章列為主分類。,A；COX催化前列腺素合成途徑，aspirin抑制COX。教材明示抑制前列腺素合成，酵素名稱另有研究證據。,"1000,1001","1049,1050",2998,47,S04,CMU-115-R2-Q09
CMU-115-Q10,FORMAL,False,A,A,未列於已取得的115年度生物釋疑PDF8–9，依同年度原答案採計,3,1,,questions/Q10.png,4b736e4180d3d3b9320d46f38d8964275b35c59101904efefd89a857b73a0ea4,L2483,38.1 / Methods of Pollination,L3601,54.1 / Exploitation,Campbell索引將Coevolution指向p825；其相互施加選汰壓力的定義實際位於38.1 Methods of Pollination，故按教材真實位置主列此項。,54.1 Exploitation包含寄生互動，支援本題病毒與宿主情境；不將共同演化自造為Ch54目錄條目。,A；病毒與宿主均出現受對方選汰影響的可遺傳變化。B含人為改造，C與D未呈現雙方相互演化。題目未限定植物，主分類代表教材定義位置。,"825,1217,1219","874,1266,1268","2483,3601","45,50",,CMU-115-R2-Q10
CMU-115-Q11,FORMAL,False,C,C,未列於已取得的115年度生物釋疑PDF8–9，依同年度原答案採計,3,1,,questions/Q11.png,c61569e90718f3612c2c2b5212d7dc9553f9085a8779357f854a92771d1e32f6,L1455,23.3 / Genetic Drift,,,奠基者效應是少數個體建立族群造成的抽樣漂變，最小條目Genetic Drift已涵蓋。,不是遷移形成基因流，也不需要另列自然選擇。,C；小樣本奠基族群的等位基因頻率可因偶然抽樣偏離原族群。,"494,495","543,544",1455,41,,CMU-115-R2-Q11
CMU-115-Q12,FORMAL,False,D,D,未列於已取得的115年度生物釋疑PDF8–9，依同年度原答案採計,3,1,,questions/Q12.png,09ace6c5eb866bef9526de314cd8c1c4b701f283a37736a2b37886410fb0f6b2,L0789,12.3 / The Cell Cycle Control System,,,MPF的cyclin–Cdk週期性活化與G2→M控制屬The Cell Cycle Control System。,不另列一般訊號磷酸化章，因題目要求的是特定細胞週期開關。,D；MPF依賴cyclin累積而活化，促進染色體凝縮、核膜解體並進入M期。,"244,245,246","293,294,295",789,38,,CMU-115-R2-Q12
CMU-115-Q13,FORMAL,False,A,A,未列於已取得的115年度生物釋疑PDF8–9，依同年度原答案採計,3,1,,questions/Q13.png,627bdc0613e198cddef1f0fdf87d2643fee3f021ced31945e54211707d7ebb04,L0268,5.4 / Protein Structure and Function,,,熱致變性及伴侶協助折疊屬蛋白質結構與功能，採5.4 Protein Structure and Function。,不因高溫反應而列動物體溫調節；也不把熱休克伴侶當不存在的目錄條目。,A；熱休克伴侶可抑制聚集並協助蛋白重新折疊。教材提供折疊／變性基礎，伴侶的實驗證據另列。,"78,81,82,83","127,130,131,132",268,"36,39",S05,CMU-115-R2-Q13
CMU-115-Q14,FORMAL,False,B,B,未列於已取得的115年度生物釋疑PDF8–9，依同年度原答案採計,3,1,,questions/Q14.png,34a6160bacd2cc8e4e4fb854e108050c9df86ac2a26fe6bf260ffd2632dff4c6,L0698,11.1 / Local and Long-Distance Signaling,L0463,7.5 / Exocytosis,選項辨識外泌體作為細胞間資訊載體的功能，主列Local and Long-Distance Signaling。,7.5 Exocytosis支援題目敘述的囊泡釋放；非以蛋白質降解或能量製造分類。,B；外泌體可向受體細胞傳遞功能性RNA等貨物。Campbell未收錄exosome專項，原始研究補足其特例。,"215,216,139","264,265,188","698,463","36,38",S06,CMU-115-R2-Q14
CMU-115-Q15,FORMAL,False,B,B,未列於已取得的115年度生物釋疑PDF8–9，依同年度原答案採計,4,1,,questions/Q15.png,26cbc899f5c72e2fd60dd8e8c9e86d74fa48163e8f839be23a07662f4af4a3a1,L3341,50.1 / Types of Sensory Receptors,,,物理形變開啟離子通道是機械感受器，對應50.1 Types of Sensory Receptors，並非聽覺器官限定的50.2。,DNA修復、溶體及免疫都是干擾選項，無次分類。,B；Piezo1與Piezo2均屬機械活化陽離子通道。觸覺／本體感覺的典型缺失證據主要為Piezo2；原題Piezo1措辭留註，不影響B與機械感受分類。,"1110,1111","1159,1160",3341,49,S07,CMU-115-R2-Q15
CMU-115-Q16,FORMAL,False,C,C,未列於已取得的115年度生物釋疑PDF8–9，依同年度原答案採計,4,1,,questions/Q16.png,e8c160795af92075e1c8ce0e850eb553167acb7649c0f8fbe894fa2ae97bd38e,L3036,45.3 / Parathyroid Hormone and Vitamin D: Control of Blood Calcium,,,PTH與活性維生素D協同維持血鈣，存在完全對應的45.3最小條目。,不另列一般營養維生素或神經肌肉章，這些是背景與下游效應。,C；PTH與維生素D活性形式提高血鈣，包含促進腸道鈣吸收等作用。,"1011,1012","1060,1061",3036,47,,CMU-115-R2-Q16
CMU-115-Q17,FORMAL,False,A,A,未列於已取得的115年度生物釋疑PDF8–9，依同年度原答案採計,4,1,,questions/Q17.png,032ab364f82e371f5fc9c385a4af9ad964449d29e3f7bc5ed3a15bd83d21f847,L3381,50.5 / Vertebrate Skeletal Muscle,,,考骨骼肌薄肌絲的Ca2+調節機制，最小目錄Vertebrate Skeletal Muscle。,不另列訊號第二傳訊者；此處為肌鈣蛋白／原肌球蛋白的直接控制。,A；Ca2+與troponin結合使tropomyosin移位，暴露myosin結合位。,"1126,1127,1128,1129","1175,1176,1177,1178",3381,49,,CMU-115-R2-Q17
CMU-115-Q18,FORMAL,False,D,D,維持D,4,1,8,questions/Q18.png,603f860ac02c999cf7aa31d5504773e17c05832bd46c9de0b7d852eeb1276601,L0456,7.4 / Cotransport: Coupled Transport by a Membrane Protein,L0453,7.4 / How Ion Pumps Maintain Membrane Potential,Na+梯度驅動另一種離子運輸，屬梯度耦合運輸；Cotransport下的原理支援NCX機制。,How Ion Pumps Maintain Membrane Potential支援被抑制的Na+/K+泵。NCX是反向運輸，不能照抄教材蔗糖同向運輸圖。,D；官方釋疑第8頁確認Na+梯度下降降低NCX排Ca2+能力；並非直接活化Ca2+通道。,"137,138","186,187","456,453",36,,CMU-115-R2-Q18
CMU-115-Q19,FORMAL,False,A,A,未列於已取得的115年度生物釋疑PDF8–9，依同年度原答案採計,4,1,,questions/Q19.png,013c6997a73467345b0447b91b888a043c7fb310957188e9bb4ba7d585a9c077,L2853,42.7 / Respiratory Pigments,,,血紅素氧親和力及Bohr效應在Respiratory Pigments直接說明。,pH為調控因素，無須另計一般酸鹼章。,A；代謝旺盛處CO2增加、pH下降，使Hb降低O2親和力並釋氧。,"947,948,949","996,997,998",2853,46,,CMU-115-R2-Q19
CMU-115-Q20,FORMAL,False,C,C,未列於已取得的115年度生物釋疑PDF8–9，依同年度原答案採計,4,1,,questions/Q20.png,a6759d2965858343767d4c724bde9dbbe0ba93c94bdf1250b2001651ba1a24ff,L0595,9.5 / Types of Fermentation,,,乳酸發酵後的乳酸可回到pyruvate並接回有氧代謝，採Types of Fermentation。,不把供氧恢復誤作停止糖解，也不另列一般肌肉章。,C；乳酸轉回丙酮酸後可被氧化；乳酸清除亦有其他去向，本題選項C正確且不宣稱唯一途徑。,"180,181","229,230",595,37,,CMU-115-R2-Q20
CMU-115-Q21,FORMAL,False,C,C,未列於已取得的115年度生物釋疑PDF8–9，依同年度原答案採計,5,1,,questions/Q21.png,7b55cd4bd60663920a28d20dd804f8903cf3fac93da091bdcfbf7a213e661057,L0436,7.3 / Passive transport is diffusion of a substance across a membrane with no energy investment,L2812,42.5 / Partial Pressure Gradients in Gas Exchange,題目要求辨識不耗能、不用運輸蛋白的擴散方式，主列7.3概念本身的直接擴散段落。其兩個子條目只談滲透或促進性擴散，不能硬套。,42.5 Partial Pressure Gradients in Gas Exchange支援肺泡／血液氣體分壓的特定驅動力。,C；O2與CO2沿分壓差簡單擴散，無需泵或運輸蛋白。,"132,133,939","181,182,988","436,2812","36,46",,CMU-115-R2-Q21
CMU-115-Q22,FORMAL,False,B,B,未列於已取得的115年度生物釋疑PDF8–9，依同年度原答案採計,5,1,,questions/Q22.png,0ca927e0373293607f507414e45d1afa64cdb74356469f33dbe59f812547360f,L0411,7.1 / The Fluidity of Membranes,,,cis不飽和脂肪酸碳鏈彎折減少緊密堆積，直接對應The Fluidity of Membranes。,心血管健康是題幹情境，不增加循環疾病分類。,B；以天然cis不飽和脂肪酸為背景，多個雙鍵造成彎折並提高膜流動性；不泛稱所有雙鍵含trans都造成同等彎折。,"128,129","177,178",411,36,,CMU-115-R2-Q22
CMU-115-Q23,FORMAL,False,B,B,未列於已取得的115年度生物釋疑PDF8–9，依同年度原答案採計,5,1,,questions/Q23.png,53a042156cfc5648af95a3125c1bb6f16d0a069516219b7ade79064c6e05de31,L1019,16.2 / Replicating the Ends of DNA Molecules,,,末端複製難題、端粒及端粒酶均在Replicating the Ends of DNA Molecules。,細菌是錯誤選項用來區辨的對象，不新增微生物章。,B是錯誤敘述；一般細菌沒有真核式端粒／端粒酶系統，不能作廣效抗生素的一般靶點。,"328,329,330","377,378,379",1019,39,,CMU-115-R2-Q23
CMU-115-Q24,FORMAL,False,C,C,未列於已取得的115年度生物釋疑PDF8–9，依同年度原答案採計,5,1,,questions/Q24.png,7393bb5ba54241c7a32c7d1e017bf4b3193ecf796eed129c5ff3b5d481e443d7,L3004,45.1 / Cellular Hormone Response Pathways,L0711,11.2 / Intracellular Receptors,類固醇激素的脂溶性、胞內受體及轉錄反應，直接對應Cellular Hormone Response Pathways。,11.2 Intracellular Receptors提供激素—受體複合體作轉錄調節者的分子機制。,C；典型類固醇訊號穿膜結合胞內受體並改變基因表現；本題考經典路徑而非所有非基因體例外。,"1002,1003,220","1051,1052,269","3004,711","38,47",,CMU-115-R2-Q24
CMU-115-Q25,FORMAL,False,C,C,未列於已取得的115年度生物釋疑PDF8–9，依同年度原答案採計,5,1,,questions/Q25.png,8412f5aebbdf051dcd43a1ff1094b14ad0b9a61f495adef24a4607c2d89679a8,L2908,43.3 / Immunization,L2870,43.1 / Innate Immunity of Vertebrates,題目以mRNA免疫接種技術為核心，主列Immunization；目錄沒有mRNA疫苗或核苷修飾專項。,43.1 Innate Immunity of Vertebrates支持未修飾RNA活化先天辨識的問題，研究補足修飾技術。,C；核苷修飾降低不必要的先天免疫活化並改善蛋白表現；不是DNA整合或注射抗體。,"968,954,955","1017,1003,1004","2908,2870",47,S08,CMU-115-R2-Q25
CMU-115-Q26,FORMAL,False,C,C,未列於已取得的115年度生物釋疑PDF8–9，依同年度原答案採計,5,1,,questions/Q26.png,c41855e8cf974881e0760732e3d31c41bb2606db80149959e50023ffe18595b9,L0895,14.3 / Extending Mendelian Genetics for Two or More Genes,,,兩個基因依序作用造成隱性上位性，屬Extending Mendelian Genetics for Two or More Genes。,不因花色而列植物生殖，題目核心為遺傳機率。,C；缺乏前驅物的aa佔1/4，不論B位點為何皆白色。依題意功能性顯性等位基因假設，分布為9紫:3黃:4白。,"281,282","330,331",895,38,,CMU-115-R2-Q26
CMU-115-Q27,FORMAL,False,B,B,未列於已取得的115年度生物釋疑PDF8–9，依同年度原答案採計,6,1,,questions/Q27.png,d7dee99c77818e5dda40e6317ad0c6442872d178901f858748f1382ad60db1ad,L2570,39.3 / Biological Clocks and Circadian Rhythms,L1126,18.2 / Regulation of Transcription Initiation,p858直接描述clock genes轉錄負回饋與延遲造成振盪，屬Biological Clocks and Circadian Rhythms，較49.2中樞時鐘同步更貼題。,18.2 Regulation of Transcription Initiation補充轉錄因子抑制自身基因的調控層次；題目未指定生物種類。,B；蛋白質累積後抑制自身轉錄、降解後解除抑制，延遲的負回饋形成振盪。Ch39是教材敘述位置，不表示原題限定植物。,"857,858,373,374","906,907,422,423","2570,1126","39,45",,CMU-115-R2-Q27
CMU-115-Q28,FORMAL,False,D,D,未列於已取得的115年度生物釋疑PDF8–9，依同年度原答案採計,6,1,,questions/Q28.png,3359e3f773f43a7b3f3e1bec605a20eafb9bae4973050abab2202dc3785a300b,L3219,48.4 / Generation of Postsynaptic Potentials,,,決定正確選項的是配體閘控Cl−電導增加所致的抑制性突觸效應，主列Generation of Postsynaptic Potentials。,寄生線蟲及青蒿素是情境／干擾選項，不直接據此歸入動物分類章。,D；伊維菌素可結合並促進無脊椎GluCl開啟。不可把Campbell哺乳動物glutamate常為興奮性的例子直接移植至此Cl−通道。,"1078,1079","1127,1128",3219,48,S09,CMU-115-R2-Q28
CMU-115-Q29,FORMAL,False,D,D,未列於已取得的115年度生物釋疑PDF8–9，依同年度原答案採計,6,1,,questions/Q29.png,9a4c7730d941f96aabad040d72f1006de26fa1b70b00027e45e739ab7f4b0324,L0371,6.5 / Peroxisomes: Oxidation,,,教材於Peroxisomes: Oxidation直接說明將有毒H2O2轉成水的酵素，最小條目可定位其解毒反應。,藥草抗衰老僅作研究指標情境，不另列植物或端粒。,D；catalase總反應為2H2O2→2H2O+O2，兼有氧化與還原。原題僅寫還原為水屬簡化，SOD處理的是superoxide。,112,161,371,36,S10,CMU-115-R2-Q29
CMU-115-Q30,FORMAL,False,D,D,未列於已取得的115年度生物釋疑PDF8–9，依同年度原答案採計,6,1,,questions/Q30.png,1eac4d8eb437800ccc4b7cefc31154c25140d8d117e8cb9e39fa9f9d9de04875,L1113,18.1 / Positive Gene Regulation,L1110,18.1 / Repressible and Inducible Operons: Two Types of Negative Gene Regulation,題目要求lac高表現的CAP/CRP正調控與乳糖解除抑制協同，主列Positive Gene Regulation。,Repressible and Inducible Operons保留allolactose使抑制子離開operator的必要條件。,D；葡萄糖低→cAMP–CRP活化，加上allolactose解除lac抑制，才有高量轉錄。,"368,369,370","417,418,419","1113,1110",39,,CMU-115-R2-Q30
CMU-115-Q31,FORMAL,False,C,C,未列於已取得的115年度生物釋疑PDF8–9，依同年度原答案採計,6,1,,questions/Q31.png,41062588393de26cd649f46d2d1485d6c37d5598be1ab455ca0ce90dfc6e7040,L1113,18.1 / Positive Gene Regulation,L1110,18.1 / Repressible and Inducible Operons: Two Types of Negative Gene Regulation,CRP不能結合DNA直接造成lac缺乏正調控，主列Positive Gene Regulation。,trp在缺乏色胺酸時解除可抑制型操縱子抑制，需共同引用負調控條目。,C；lac只有低量轉錄，trp因缺少共抑制物而活化。題幹的CRP結合啟動子採鄰近調控區理解，不與RNA聚合酶的核心啟動子位混同。,"368,369,370","417,418,419","1113,1110",39,,CMU-115-R2-Q31
CMU-115-Q32,FORMAL,False,D,D,未列於已取得的115年度生物釋疑PDF8–9，依同年度原答案採計,7,1,,questions/Q32.png,2d7ffdd370caec192699dc76a0a7e9eb573cb0c027e3ac5c89bf9bc796bebfda,L0792,12.3 / Loss of Cell Cycle Controls in Cancer Cells,L1126,18.2 / Regulation of Transcription Initiation,問題問阻斷HIF後腫瘤供氧與生長受限；Loss of Cell Cycle Controls in Cancer Cells的p249正文敘述腫瘤可刺激血管生長以取得營養。,18.2轉錄起始調控支援HIF驅動VEGF表現；HIF分子細節由原始研究補足。,D；抑制HIF降低VEGF及血管新生，腫瘤氧與營養供應下降。不是直接阻斷DNA聚合酶或活化端粒酶。,"248,249,373,374","297,298,422,423","792,1126","38,39",S11,CMU-115-R2-Q32
CMU-115-Q33,FORMAL,False,D,D,未列於已取得的115年度生物釋疑PDF8–9，依同年度原答案採計,7,1,,questions/Q33.png,cfb5c7ad62579eb0c164d2179c8f4cd8087aaed73647936775638d68a67b5792,L0349,6.4 / Lysosomes: Digestive Compartments,L0478,8.1 / Metabolic Pathways,自噬以溶體降解自身胞內物並回收成分，最小目錄Lysosomes: Digestive Compartments。,8.1 Metabolic Pathways支援分解代謝提供可再用中間物的能量方向，非高合成代謝。,D；營養缺乏時自噬可支援存活；AMPK/mTOR題幹是上游訊號，不能取代本題實際問的降解回收策略。,"107,108,144","156,157,193","349,478","36,37",S12,CMU-115-R2-Q33
CMU-115-Q34,FORMAL,False,C,C,未列於已取得的115年度生物釋疑PDF8–9，依同年度原答案採計,7,1,,questions/Q34.png,e4f71b81b7962b0d1779e329986659ea9c624e8ad24beb4d60f8cc8d7e0456a3,L2896,43.3 / Helper T Cells: Activating Adaptive Immunity,L2889,43.2 / B Cell and T Cell Development,B與T協同失敗屬Helper T Cells: Activating Adaptive Immunity，較泛列免疫缺陷更具機制特異性。,B Cell and T Cell Development補充克隆擴增及免疫記憶；類別轉換／生發中心細節由原始研究補足。,C；輔助T與B互動對生發中心、抗體類別轉換和持久記憶必要，與題示先天反應正常相符。,"960,961,962,963,964","1009,1010,1011,1012,1013","2896,2889",47,S13,CMU-115-R2-Q34
CMU-115-Q35,FORMAL,False,B,B,未列於已取得的115年度生物釋疑PDF8–9，依同年度原答案採計,7,1,,questions/Q35.png,4155be4823b9877a08f03fc6c2cd9df4bc14a213f7d7dbcd379fc75d6bce1174,L2930,43.4 / Cancer and Immunity,,,核心是免疫系統對癌細胞的防禦，故採Cancer and Immunity。該頁正文以病毒相關癌症為例，未講解PD-1檢查點治療；治療的分子機制須由原始研究補足。,受體作用是治療入口；本題問恢復免疫毒殺，無需另列訊號章。,B；檢查點抑制療法解除抑制，恢復T細胞對腫瘤的攻擊，而非抗體直接毒殺。,"974,975","1023,1024",2930,47,S15,CMU-115-R2-Q35
CMU-115-Q36,FORMAL,False,A,A,未列於已取得的115年度生物釋疑PDF8–9，依同年度原答案採計,7,1,,questions/Q36.png,92e3610f8349ad5a93ac6271745052200c99a625ecfa2b725a1dfedf431ccb6c,L0708,11.2 / Receptors in the Plasma Membrane,,,HER2被明示屬RTK，核心是二聚體與相互磷酸化，目錄最小項Receptors in the Plasma Membrane。,乳癌僅是RTK過度活化的情境，不將癌症章列主分類。,A；RTK二聚化並交互磷酸化胞內酪胺酸，提供下游訊號蛋白結合位置。,"217,218,219","266,267,268",708,38,,CMU-115-R2-Q36
CMU-115-Q37,FORMAL,False,A,A,未列於已取得的115年度生物釋疑PDF8–9，依同年度原答案採計,8,1,,questions/Q37.png,91114cec58775aef2eba38328cf01555a08f38333435b43caeabb568e2dacc0d,L2870,43.1 / Innate Immunity of Vertebrates,,,病毒dsRNA辨識與interferon誘發鄰近細胞抗病毒狀態，屬Innate Immunity of Vertebrates。,不是免疫記憶或一般病毒生活史問題，無次分類。,A；干擾素可誘發抗病毒蛋白並限制病毒複製。此題未要求抗體產生。,"954,955,956","1003,1004,1005",2870,47,,CMU-115-R2-Q37
CMU-115-Q38,FORMAL,False,B,B,未列於已取得的115年度生物釋疑PDF8–9，依同年度原答案採計,8,1,,questions/Q38.png,a0d1b07347ee85d16f588a69835536c38f9189a93f35f7f362836c97aa9a1988,L0110,2.2 / Isotopes,,,關鍵是以標記尿素追蹤其碳進入呼出CO2，主列Isotopes及其代謝示蹤應用。,胃炎與細菌名稱是檢測情境；不把胃部構造或DNA檢測列主分類。,B；H. pylori urease分解標記尿素後產生可在呼氣測得的標記CO2。可用穩定13C或放射14C；不可泛稱此檢驗必為放射性。,"31,32","80,81",110,35,S14,CMU-115-R2-Q38
CMU-115-Q39,FORMAL,False,A,A,未列於已取得的115年度生物釋疑PDF8–9，依同年度原答案採計,8,1,,questions/Q39.png,ffa11e7a884c84584119cbb76166f3590db6348f22a2595f84ecfceb78b2c74d,L1085,17.5 / Types of Small-Scale Mutations,L1274,20.4 / Medical Applications,SNP改變胺基酸並降低酵素功能，主列Types of Small-Scale Mutations。,20.4 Medical Applications涵蓋個體基因差異與醫學應用，補充藥物反應差異情境。,A；本題最適合的是改變胺基酸造成代謝能力降低；不是所有SNP都一定改變胺基酸，結論限於此題四選項。,"357,358,433,434","406,407,482,483","1085,1274","39,40",,CMU-115-R2-Q39
CMU-115-Q40,FORMAL,False,C,C,未列於已取得的115年度生物釋疑PDF8–9，依同年度原答案採計,8,1,,questions/Q40.png,7aa4acc0a76542a5c077fb505ece65f3128f7b5d018c6cfa075f9439de249bf1,L1136,18.3 / Effects on mRNAs by MicroRNAs and Small Interfering RNAs,,,miRNA配對目標mRNA抑制轉譯及促進降解，精確對應Effects on mRNAs by MicroRNAs and Small Interfering RNAs。,不把PTEN癌症背景或3′UTR誤列為DNA轉錄、剪接主分類。,C；蛋白下降遠大於mRNA下降支持以轉譯抑制為主，亦可伴隨mRNA去腺苷酸化及降解。,"379,380","428,429",1136,39,,CMU-115-R2-Q40
CMU-115-Q41,FORMAL,False,A,A,未列於已取得的115年度生物釋疑PDF8–9，依同年度原答案採計,8,1,,questions/Q41.png,16cc7d40bce7b262204c140539fc29686e1137426bac30706bb1b3a1b48ee37e,L3611,54.2 / Species Diversity,,,物種豐富度與相對豐度的區別直接位於Species Diversity。,物種數屬群落層次，不是族群密度或總生物量。,A；兩群落均10種故豐富度相同，但均勻度不同。,"1222,1223","1271,1272",3611,50,,CMU-115-R2-Q41
CMU-115-Q42,FORMAL,False,D,D,未列於已取得的115年度生物釋疑PDF8–9，依同年度原答案採計,9,1,,questions/Q42.png,25dc1bb91f3fd20774f119697e172ce514785239193e79fe21defd45b28f74de,L3689,55.2 / Primary Production in Aquatic Ecosystems,,,營養鹽增加造成優養化，藻類死亡後分解耗氧的機制直接位於Primary Production in Aquatic Ecosystems。,不將毒素、魚鰓損害或陸域肥料利用當主因，亦不重複計分解一般章。,D；分解者耗用溶氧引起魚類缺氧，不是單純藻類遮光或必然產毒。,"1242,1243","1291,1292",3689,50,,CMU-115-R2-Q42
CMU-115-Q43,FORMAL,False,C,C,未列於已取得的115年度生物釋疑PDF8–9，依同年度原答案採計,9,1,,questions/Q43.png,71f20d62a4fd8f0ed6ba21a5aca5f8f8133a93179233d1a036b3b338bf3aeef3,L3424,51.2 / Learning,,,敏感期形成、長期穩定的imprinting屬Learning下的具體類型。,不可自造Imprinting為目錄條目，也不因敏感期而歸為胚胎發育。,C；早期印痕學習具敏感期與持久效果。,"1144,1145","1193,1194",3424,"48,49",,CMU-115-R2-Q43
CMU-115-Q44,FORMAL,False,B,B,未列於已取得的115年度生物釋疑PDF8–9，依同年度原答案採計,9,1,,questions/Q44.png,37dc85e776190ebe9521b305e7e3ed6a93f4062ecb6c9812d4b2c348aca09846,L2924,"43.4 / Exaggerated, Self-Directed, and Diminished Immune Responses",,,"教材在Exaggerated, Self-Directed, and Diminished Immune Responses下明述Tregs調節免疫並避免自身抗原反應。",不以43.2的中樞刪除機制代替此題周邊Treg功能。,B；調節性T細胞抑制過強免疫並維持自我耐受。,"970,971","1019,1020",2924,47,,CMU-115-R2-Q44
CMU-115-Q45,FORMAL,False,C,C,維持C,9,1,"8,9",questions/Q45.png,fe9a03b56d6e0fc508fc4d625a37bc39027044d319c30c9c53b37de6d42b33c2,L0676,10.5 / C4 Plants,L0679,10.5 / CAM Plants,C4 Plants實際條目涵蓋葉肉與束鞘的空間分隔。,CAM Plants是同章另一真實最小條目，補足夜間固定／白天Calvin的時間分隔；章級統計去重。,C；官方釋疑第8–9頁維持C。PEP carboxylase確可完成初級固定；持續整體同化仍需Calvin/Rubisco，將此語義界線明載。,"203,204,205,206","252,253,254,255","676,679",37,,CMU-115-R2-Q45
CMU-115-Q46,FORMAL,False,B,B,未列於已取得的115年度生物釋疑PDF8–9，依同年度原答案採計,9,1,,questions/Q46.png,61d962d529bb516e878efefc87ca14dd277f2823ce7a6c4f530d435aa13a6918,L2381,36.3 / Bulk Flow Transport via the Xylem,,,蒸散在細胞壁彎液面產生負壓並由內聚力傳遞，屬Bulk Flow Transport via the Xylem。,根壓及木質部構造是比較用條件，不替代內聚力—張力主機制。,B；水分蒸發使彎液面曲率增大、壓力更負而拉動水柱。張力為拉力，原題負張力以負壓理解。,"792,793,794,795,796","841,842,843,844,845",2381,45,,CMU-115-R2-Q46
CMU-115-Q47,FORMAL,False,D,D,未列於已取得的115年度生物釋疑PDF8–9，依同年度原答案採計,10,1,,questions/Q47.png,7bffc1bc16cba47705eb0989502b7845a522f6145bf885352baabfd721411d3d,L2557,39.2 / A Survey of Plant Hormones,,,Auxin酸生長作用位於A Survey of Plant Hormones，正文含H+泵與expansin鬆弛細胞壁。,不另列一般膜泵章；題目要求植物生長素引發細胞伸長的完整路徑。,D；生長素促進質子外排、細胞壁酸化，活化壁鬆弛機制，並非直接水解纖維素。,"847,848,849","896,897,898",2557,45,,CMU-115-R2-Q47
CMU-115-Q48,FORMAL,False,A,A,未列於已取得的115年度生物釋疑PDF8–9，依同年度原答案採計,10,1,,questions/Q48.png,8f99f7c741593e4228b4022364204f373a1758cdf70c949a8e3ec19e27843424,L0595,9.5 / Types of Fermentation,,,乳酸發酵以pyruvate作受體再生NAD+，對應Types of Fermentation。,不將NADH氧化直接誤列有氧電子傳遞鏈。,A；pyruvate接受NADH電子成lactate，NAD+再生使糖解可持續。,"180,181","229,230",595,37,,CMU-115-R2-Q48
CMU-115-Q49,FORMAL,False,A,A,未列於已取得的115年度生物釋疑PDF8–9，依同年度原答案採計,10,1,,questions/Q49.png,2395921c44b1093e82fb02247cb1c0d0139634508f7747bb898eeda7c88c132d,L0184,3.3 / Acidification: A Threat to Our Oceans,,,碳酸平衡與碳酸根下降的機制直接位於3.3 Acidification: A Threat to Our Oceans。,氣候變遷是來源情境，不以保育章取代精確酸鹼機制。,A；增加的H+使carbonate轉為bicarbonate，降低可供CaCO3形成的CO3²−。,"53,54","102,103",184,35,,CMU-115-R2-Q49
CMU-115-Q50,FORMAL,False,B,B,未列於已取得的115年度生物釋疑PDF8–9，依同年度原答案採計,10,1,,questions/Q50.png,c173050a825dcbd4839c0adaf3143b5806a8a7dcf784f2d314b4e481703276bf,L1741,27.3 / Metabolic Cooperation,L1738,27.3 / Nitrogen Metabolism,題目重點為異形細胞保護固氮酶的細胞分工，最精確為Metabolic Cooperation。,同概念Nitrogen Metabolism補充N2還原成NH3及固氮定義；章級統計去重。,B；部分藍綠菌以異形細胞限制O2進入並與鄰近細胞交換代謝物，保護氧敏感的固氮酶。,"582,583","631,632","1741,1738",42,,CMU-115-R2-Q50
