題號,分類狀態,待審,原答案,採計答案,釋疑,本地原卷PDF頁,官方混科卷生物PDF頁,原卷印刷頁,答案PDF頁,官方答案PDF頁,釋疑PDF頁,官方第二次釋疑PDF頁,原圖,原圖SHA256,主條目ID,主分類,次條目ID,次分類,主分類理由,次分類理由,科學說明,課本印刷頁,課本PDF頁,覆核者,覆核紀錄
ISU-110-Q01,FORMAL,False,D,D,8/17及8/19第二次會議兩版生物釋疑均維持原答案D,23,23,1,1,29,5,34,questions/Q01.png,812acb6510565072b47f9975c707308af10451ed103e548992a5178338bdea73,L1085,17.5 / Types of Small-Scale Mutations,,,17.5 / Types of Small-Scale Mutations：判斷編碼序列近起點單一插入造成移碼，核心是小尺度突變類型及蛋白後果。,無另列最小次條目；以357–359閱讀框機制和兩版釋疑確認D；保留最可能與非絕對傷害的界線，主17.5不擴成DNA複製。,官方D，兩版釋疑維持。非三倍數插入使插入點之後的閱讀框改變，可能提前終止；三核苷酸缺失通常不移碼。官方「整個蛋白序列完全錯誤」及不存在較輕情形過於絕對：插入前序列不因此改變，傷害仍依位置與功能而異。題問最可能，保留D並分開記錄科學限定。,"357,358,359","406,407,408",Codex /root,ISU-110-R2-Q01
ISU-110-Q02,FORMAL,False,A,A,8/17及8/19第二次會議兩版生物釋疑均維持原答案A,23,23,1,1,29,5,34,questions/Q02.png,c0dd0c902b63a65cfcb24e9e3efd79e31f947f9f88f6a3c5e1790a539ed372a1,L2089,33 / An Introduction to Invertebrates,L2133,33.4 / Arthropods,33 / An Introduction to Invertebrates：整體無脊椎動物的物種數與包含關係在第33章導論686–689，先於33.1；真實目錄沒有更小導論條目。,33.4 / Arthropods：節肢動物與昆蟲是無脊椎動物子集合，706及710補足比較，保留同章次目。,官方A，兩版釋疑維持。課本686標示無脊椎動物超過已知動物物種95%；昆蟲屬節肢動物，節肢動物屬無脊椎動物。「族群」在題中泛指類群，並非生態學同種族群；無脊椎動物也不是一個單系分類階級，物種數不能換成個體數。,"686,687,688,689,706,710","735,736,737,738,755,759",Codex /root,ISU-110-R2-Q02
ISU-110-Q03,FORMAL,False,D,D,未列本輪取得8/17釋疑PDF5下方及6、8/19第二次會議官方組合PDF34下方及35；依同年答案採計，不宣稱沒有其他未取得公告,23,23,1,1,29,,,questions/Q03.png,e220159bfe0105684b33d1f9d47ca1e8d635ab801d79f4caa066c66bbfe12c2e,L2977,44.4 / Solute Gradients and Water Conservation,L2974,44.4 / From Blood Filtrate to Urine: A Closer Look,44.4 / Solute Gradients and Water Conservation：亨利氏環維持腎髓質滲透梯度，使水分回收及濃縮尿可行。,44.4 / From Blood Filtrate to Urine: A Closer Look：逐段濾液處理提供降支水通透、升支鹽運輸等機制，同章仍保存。,官方D。高滲髓質有利降支與可透水集尿管的水再吸收；上升支不透水而運輸鹽，有助建立梯度。不是增加腎臟產尿量或直接加速腎小球過濾；集尿管水通透性仍受ADH等條件控制。,"987,988,989,990","1036,1037,1038,1039",Codex /root,ISU-110-R2-Q03
ISU-110-Q04,FORMAL,False,B,B,未列本輪取得8/17釋疑PDF5下方及6、8/19第二次會議官方組合PDF34下方及35；依同年答案採計，不宣稱沒有其他未取得公告,23,23,1,1,29,,,questions/Q04.png,67f082e221dedb07ac6197bce3f28f2180a526a862afe32ac27b919bb1771936,L3242,49.1 / Organization of the Vertebrate Nervous System,,,49.1 / Organization of the Vertebrate Nervous System：縮手反射由脊髓局部迴路完成，先於大腦對疼痛的有意識感知。,無另列最小次條目；脊髓迴路已足夠解釋先縮手，不能概括所有感覺纖維無髓鞘；主神經系統組織，B確認。,官方B。脊髓整合感覺輸入與運動輸出，使縮手可先發生；訊息仍可上傳腦，不代表大腦永遠不參與疼痛或動作調節。,"1087,1088","1136,1137",Codex /root,ISU-110-R2-Q04
ISU-110-Q05,FORMAL,False,D,D,未列本輪取得8/17釋疑PDF5下方及6、8/19第二次會議官方組合PDF34下方及35；依同年答案採計，不宣稱沒有其他未取得公告,23,23,1,1,29,,,questions/Q05.png,389f12aeb07eaeb463cd597296dc230386847a0e956c08b66f48c8282a868057,L1945,30.3 / Angiosperm Diversity,L2303,35.3 / Primary Growth of Shoots,30.3 / Angiosperm Diversity：單子葉與真雙子葉的典型差異表直接比較子葉、葉脈與維管束等特徵。,35.3 / Primary Growth of Shoots：莖初生生長中的維管束排列支持題中判別特徵。,官方D。植株大小在兩群均可變動，單靠大小不能有效區分；子葉數及典型葉脈、莖維管束排列較有用。題文和教材均以真雙子葉為比較對象，不把典型差異寫成沒有例外的定律。,"649,650,759,760,769,770","698,699,808,809,818,819",Codex /root,ISU-110-R2-Q05
ISU-110-Q06,FORMAL,False,D,D,未列本輪取得8/17釋疑PDF5下方及6、8/19第二次會議官方組合PDF34下方及35；依同年答案採計，不宣稱沒有其他未取得公告,23,23,1,1,29,,,questions/Q06.png,14d1d02d25d987deee226f23c526286054a7543bc2ccd1a2921fa7bb6d1315c5,L2469,"37.3 / Epiphytes, Parasitic Plants, and Carnivorous Plants",L2450,37.2 / Essential Elements,"37.3 / Epiphytes, Parasitic Plants, and Carnivorous Plants：食蟲植物在缺乏礦質的環境由獵物取得氮，直接落在特殊植物營養條目。",37.2 / Essential Elements：必要礦物元素說明氮用於蛋白質等含氮分子合成。,官方D。捕食昆蟲補充氮等礦質，氮可用於蛋白質合成；食蟲植物通常仍行光合作用，不把昆蟲視為取代一切光合碳源。題中醣與脂肪不是主要以氮構成的選項。,"810,818,819","859,867,868",Codex /root,ISU-110-R2-Q06
ISU-110-Q07,FORMAL,False,A,A,未列本輪取得8/17釋疑PDF5下方及6、8/19第二次會議官方組合PDF34下方及35；依同年答案採計，不宣稱沒有其他未取得公告,23,23,1,1,29,,,questions/Q07.png,62464afbf070285205a3c024c5194a1af21f3ad12cca7439a3a87d0bc7910f86,L2685,41.1 / Essential Nutrients,,,41.1 / Essential Nutrients：考人體無法充分合成而須由膳食取得的必需胺基酸。,無另列最小次條目；MedlinePlus現列甲硫胺酸與組胺酸，差異保存；四選項仍僅A為必需，無未解分類問題。,官方A，甲硫胺酸為必需胺基酸。本地12版899寫成人8種、嬰兒另需組胺酸；MedlinePlus現列9種包括組胺酸。保留本地教材版本差異，不以舊8種說法取代現行定義；本題A不受影響。,"899,900","948,949",Codex /root,ISU-110-R2-Q07
ISU-110-Q08,FORMAL,False,B,B,未列本輪取得8/17釋疑PDF5下方及6、8/19第二次會議官方組合PDF34下方及35；依同年答案採計，不宣稱沒有其他未取得公告,23,23,1,1,29,,,questions/Q08.png,815be3f89b0b5a34a3599892251ccb1dacce47ba19f07c5713d9c5ba653ed8fe,L0920,14.4 / Genetic Testing and Counseling,,,14.4 / Genetic Testing and Counseling：新生兒PKU篩檢屬遺傳疾病檢測與諮詢，正文289有明確情境。,無另列最小次條目；Phe累積為題中PKU異常指標，篩檢可同測Tyr但不因此改答；剔除過廣Nature and Nurture次目。,官方B，篩檢異常重點為血中苯丙胺酸升高。GeneReviews說明乾血點測Phe及Tyr；陽性篩檢需後續確認，不把單次篩檢直接當確診，也不把酪胺酸誤選為題問累積物。,"288,289","337,338",Codex /root,ISU-110-R2-Q08
ISU-110-Q09,FORMAL,False,C,C,未列本輪取得8/17釋疑PDF5下方及6、8/19第二次會議官方組合PDF34下方及35；依同年答案採計，不宣稱沒有其他未取得公告,23,23,1,1,29,,,questions/Q09.png,853c3d7747a7d9b6e485577e0d5bc7daa80384788d7d036b77a3c899ec36270f,L2381,36.3 / Bulk Flow Transport via the Xylem,L2368,36.2 / Long-Distance Transport: The Role of Bulk Flow,36.3 / Bulk Flow Transport via the Xylem：百公尺木質部運水依賴蒸散引起的張力與整體流，非靠分子擴散完成長距離運輸。,36.2 / Long-Distance Transport: The Role of Bulk Flow：長距離整體流條目明確區別bulk flow與diffusion。,官方C。內聚、對管壁附著及蒸散拉力支持木質部上升水柱，擴散不是此距離輸水的主機制。原題「聚合力」保留，依選項意圖解為附著力；不能推成植物任何部位都不用擴散或滲透。,"791,792,793,794,795,796","840,841,842,843,844,845",Codex /root,ISU-110-R2-Q09
ISU-110-Q10,FORMAL,False,D,D,未列本輪取得8/17釋疑PDF5下方及6、8/19第二次會議官方組合PDF34下方及35；依同年答案採計，不宣稱沒有其他未取得公告,24,24,2,1,29,,,questions/Q10.png,b8fe26979711cd60ecc36cc4582c28d82cd792d94d1ad334f64c664b6cabf31c,L3231,48.4 / Neurotransmitters,,,48.4 / Neurotransmitters：神經傳遞物質條目1081明載肉毒桿菌毒素抑制乙醯膽鹼釋出。,無另列最小次條目；1081直接點名botulinum及ACh，D確認；不把停止釋出混成回收，移除Termination次目。,官方D。神經肌肉接點ACh釋放受阻，肌肉興奮與收縮下降；不是增加ACh清除或直接抑制血清素。毒素作用機制與正常訊息終止不同，因此不另列清除訊息條目。,"1080,1081","1129,1130",Codex /root,ISU-110-R2-Q10
ISU-110-Q11,FORMAL,False,D,D,未列本輪取得8/17釋疑PDF5下方及6、8/19第二次會議官方組合PDF34下方及35；依同年答案採計，不宣稱沒有其他未取得公告,24,24,2,1,29,,,questions/Q11.png,539d26f1bca9db0d01059421fb66c9f31271d4beeb9ce6725781108783d99514,L3225,48.4 / Termination of Neurotransmitter Signaling,L3306,49.5 / Depression,48.4 / Termination of Neurotransmitter Signaling：Prozac抑制突觸前血清素再吸收，核心是神經傳遞訊息的終止與持續時間。,49.5 / Depression：憂鬱症條目提供SSRI治療情境，主分類仍按受問機制。,官方D。Fluoxetine為SSRI，阻礙血清素回收而延長其突觸作用；不等同增加每一神經元的血清素合成。FDA2011標示供機制查核，不作現行處方或治療建議。,"1079,1080,1102,1103","1128,1129,1151,1152",Codex /root,ISU-110-R2-Q11
ISU-110-Q12,FORMAL,False,D,D,未列本輪取得8/17釋疑PDF5下方及6、8/19第二次會議官方組合PDF34下方及35；依同年答案採計，不宣稱沒有其他未取得公告,24,24,2,1,29,,,questions/Q12.png,b6fdf6953bcb72832431d7318924c2d63ead26c28d9d1dd90b26063d50eb02e3,L3604,54.1 / Positive Interactions,"L2466,L2463",37.3 / Fungi and Plant Nutrition ; 37.3 / Bacteria and Plant Nutrition,54.1 / Positive Interactions：題目比較兩物種互利共生，應以群落的正向交互作用為主。,37.3 / Fungi and Plant Nutrition：菌根的真菌與根系交換提供松樹松露情境；37.3 / Bacteria and Plant Nutrition：根瘤細菌固氮與豆科供碳提供正確選項的另一互利例。,官方D。題設松露與松樹根的菌根，以及根瘤菌與大豆，都有雙方利益。以教材通則支持題設關係，不聲稱由題目已鑑定松露物種、所有真菌都互利，或豆科自行將N2固定。,"814,815,816,817,818,1220,1221","863,864,865,866,867,1269,1270",Codex /root,ISU-110-R2-Q12
ISU-110-Q13,FORMAL,False,A,A,未列本輪取得8/17釋疑PDF5下方及6、8/19第二次會議官方組合PDF34下方及35；依同年答案採計，不宣稱沒有其他未取得公告,24,24,2,1,29,,,questions/Q13.png,8f330a4ac5462df466e8b7753a11a50100eedb2ac83350e3ffcf2ad5bfb9370d,L2802,42.4 / Blood Composition and Function,L2870,43.1 / Innate Immunity of Vertebrates,42.4 / Blood Composition and Function：由白血球類型辨認可分化為巨噬細胞者，先按血液細胞組成與血球發生定位。,43.1 / Innate Immunity of Vertebrates：脊椎動物先天免疫說明巨噬細胞的吞噬功能。,官方A。單核球離開血液後可成為巨噬細胞，Alberts教材明載此路徑。這不是所有組織常駐巨噬細胞皆源於成人循環單核球的排他說法；Hashimoto等小鼠追蹤研究證明多種常駐巨噬細胞可局部維持。,"935,936,954,955","984,985,1003,1004",Codex /root,ISU-110-R2-Q13
ISU-110-Q14,FORMAL,False,C,C,未列本輪取得8/17釋疑PDF5下方及6、8/19第二次會議官方組合PDF34下方及35；依同年答案採計，不宣稱沒有其他未取得公告,24,24,2,1,29,,,questions/Q14.png,58f57ad36422b96c654a0b6e07fbbfca38974df4b59c7281dcb054ef9975cc63,L0394,6.7 / Cell Junctions,,,6.7 / Cell Junctions：緊密連接封閉相鄰上皮細胞間隙，屬細胞間連接的具體類型。,無另列最小次條目；119–120區分緊密連接與間隙連接，C僅對細胞間屏障；不把選擇性跨細胞運輸排除。,官方C。緊密連接限制物質沿細胞間通路洩漏，維持上皮屏障；並非把腸腔與身體的所有跨細胞吸收一律阻斷，也不同於橋粒的機械連結或間隙連接的溝通。,"119,120","168,169",Codex /root,ISU-110-R2-Q14
ISU-110-Q15,FORMAL,False,D,D,未列本輪取得8/17釋疑PDF5下方及6、8/19第二次會議官方組合PDF34下方及35；依同年答案採計，不宣稱沒有其他未取得公告,24,24,2,1,29,,,questions/Q15.png,713060b37c5452b836d2aa11c90996161c3f17fa52fa184db7bdfef2ced380bc,L3261,49.2 / Emotions,,,49.2 / Emotions：創傷後恐懼相關記憶喚起的杏仁核作用位於情緒條目。,無另列最小次條目；题問記憶位置，1095–1096杏仁核D較直接；已修正草稿火災為實際蛇咬並保存心臟開始跳動不精確措辭。,官方D。杏仁核參與情緒記憶與恐懼反應，符合蛇的線索引起反應的題意。原文「心臟立刻開始跳動」不是正常心臟先前停止的證據，科學上應理解為心跳加快等自主反應；不能僅由情境診斷特定疾病。,"1095,1096","1144,1145",Codex /root,ISU-110-R2-Q15
ISU-110-Q16,FORMAL,False,D,D,未列本輪取得8/17釋疑PDF5下方及6、8/19第二次會議官方組合PDF34下方及35；依同年答案採計，不宣稱沒有其他未取得公告,24,24,2,1,29,,,questions/Q16.png,83c7d5d48e6f53e8b8e47f3e066647826cd3394cb9389a4d79f69dd6e788c195,L0776,12.2 / Cytokinesis: A Closer Look,L0381,6.6 / Components of the Cytoskeleton,12.2 / Cytokinesis: A Closer Look：動物細胞分裂溝由肌動蛋白微絲與肌凝蛋白環收縮完成，受抑制時影響胞質分裂。,6.6 / Components of the Cytoskeleton：細胞骨架組成提供actin微絲與微管功能區別。,官方D。肌動蛋白參與分裂溝收縮，紡錘體及染色體移動主要涉及微管，非同一骨架系統。原題kinetochore應稱動粒，與著絲點DNA區域關聯但不是完全同義，原題用字保留。,"116,117,241,242","165,166,290,291",Codex /root,ISU-110-R2-Q16
ISU-110-Q17,FORMAL,False,D,D,8/17及8/19第二次會議兩版生物釋疑均維持原答案D,24,24,2,1,29,5,34,questions/Q17.png,93a8c0f4b2e62f18272ac8c08d0bbd1f8d34658a5590d65aee7a9bedc5ef6e08,L1129,18.2 / Mechanisms of Post-transcriptional Regulation,L1059,17.3 / Alteration of mRNA Ends,18.2 / Mechanisms of Post-transcriptional Regulation：mRNA穩定性屬轉錄後調控，379明示3′端非轉譯區序列影響壽命。,17.3 / Alteration of mRNA Ends：mRNA末端加工說明5′帽與poly-A尾也能保護mRNA，支持排除題中不精確選項。,官方D，兩版釋疑維持。3′UTR的特定序列可影響降解速度；官方引11版376，本地12版相關正文為378–379，頁碼不可直接照搬。5′帽存在與去帽亦影響穩定性，但選項A說帽「長度」，不能據此改答；多個因素可共同調控。,"345,377,378,379","394,426,427,428",Codex /root,ISU-110-R2-Q17
ISU-110-Q18,FORMAL,False,C,C,未列本輪取得8/17釋疑PDF5下方及6、8/19第二次會議官方組合PDF34下方及35；依同年答案採計，不宣稱沒有其他未取得公告,25,25,3,1,29,,,questions/Q18.png,af52f81224ca8a5c400158d3cfdf2c4058adac8663ed48397909a4269021c740,L2527,38.3 / Plant Biotechnology and Genetic Engineering,,,38.3 / Plant Biotechnology and Genetic Engineering：以外源基因導入植物取得轉殖性狀，最接近植物生物技術與基因工程條目。,無另列最小次條目；Bevan摘要明示邊界及vir促進核基因組轉移；C確認，Campbell植物工程作分類框架，細節不假稱來自該書。,官方C。Campbell837–839提供植物基因工程概念；Ti系統細節另用Bevan1984原始研究摘要，vir基因可促進邊界間T-DNA進入植物核基因組。整合的是轉移區段，不是整個細菌質體必然插入；原題「高活性質體」用語不當作技術標準名稱。,"837,838,839","886,887,888",Codex /root,ISU-110-R2-Q18
ISU-110-Q19,FORMAL,False,D,D,未列本輪取得8/17釋疑PDF5下方及6、8/19第二次會議官方組合PDF34下方及35；依同年答案採計，不宣稱沒有其他未取得公告,25,25,3,1,29,,,questions/Q19.png,b35b612effe7ee7a494dfaf02605d25aedeb6949dea3bb1620963fa7b2c8ae0e,L1327,21.4 / Transposable Elements and Related Sequences,,,21.4 / Transposable Elements and Related Sequences：經RNA中間物並反轉錄形成DNA的新拷貝，是反轉錄轉位子機制。,無另列最小次條目；451–452機制以RNA中間物指定D；轉位大類包含關係不能抹去本題具體受問類型。,官方D。retrotransposon以RNA為中間物；transposable element是上位廣稱，不能因涵蓋反轉錄轉位子便取代本題要求最具體機制的D。一般DNA轉位子不以這條RNA路徑定義。,"451,452","500,501",Codex /root,ISU-110-R2-Q19
ISU-110-Q20,FORMAL,False,B,B,未列本輪取得8/17釋疑PDF5下方及6、8/19第二次會議官方組合PDF34下方及35；依同年答案採計，不宣稱沒有其他未取得公告,25,25,3,1,29,,,questions/Q20.png,6f0cd431f64bbb56afb912c2b99fba82e9c6a3cf84d7643b332b3cfd3b468800,L1320,21.3 / Gene Density and Noncoding DNA,L1317,21.3 / Number of Genes,21.3 / Gene Density and Noncoding DNA：基因組體積與基因數量不成比例，關鍵在人類非編碼DNA比例與基因密度。,21.3 / Number of Genes：基因數量條目提供細菌與人類基因數的比較框架。,官方B。人類大量DNA不編碼蛋白質，包括調控區、內含子與重複序列等；不能把所有非編碼DNA等同無功能。題中1000倍與5倍是概略比較，取決物種及計算基準，不視為各版本固定精確比值。,"449,450,451","498,499,500",Codex /root,ISU-110-R2-Q20
ISU-110-Q21,FORMAL,False,B,B,未列本輪取得8/17釋疑PDF5下方及6、8/19第二次會議官方組合PDF34下方及35；依同年答案採計，不宣稱沒有其他未取得公告,25,25,3,1,29,,,questions/Q21.png,db89380319084b1b562e709d37f140a12a78c9413017a651f3a77d577202a0e7,L1488,24.1 / The Biological Species Concept,,,24.1 / The Biological Species Concept：不同鳴叫阻止交配屬於生物種概念下的合子前生殖隔離，圖508列行為隔離。,無另列最小次條目；508行為隔離發生受精前，B；依真實Biological Species Concept葉目，不虛構更細TOC條目。,官方B。依題設，求偶訊號不同使配偶無法辨認，受精前便降低交配；不必先有合子不活或雜種不育。不另造目錄不存在的Behavioral Isolation葉節點，也不由題設推斷野外完全無基因流。,"507,508,509","556,557,558",Codex /root,ISU-110-R2-Q21
ISU-110-Q22,FORMAL,False,B,B,未列本輪取得8/17釋疑PDF5下方及6、8/19第二次會議官方組合PDF34下方及35；依同年答案採計，不宣稱沒有其他未取得公告,25,25,3,1,29,,,questions/Q22.png,afd5e438a1e50153aa1d649371af1360c45efae3607e8831613ab1d029f7e5d4,L1649,26.2 / Sorting Homology from Analogy,L1646,26.2 / Morphological and Molecular Homologies,26.2 / Sorting Homology from Analogy：建構演化親緣時須排除由趨同造成的相似，考點是區分同源與同功。,26.2 / Morphological and Molecular Homologies：形態與分子同源性提供可支持共同祖先的對照證據。,官方B。同功構造可因相似選汰壓力獨立演化，所以單以功能相似判定近親最不可靠；同源特徵仍須考慮共享衍徵、祖徵與其他資料，不宣稱任何同源特徵都能單獨解析每個分支。,"558,559","607,608",Codex /root,ISU-110-R2-Q22
ISU-110-Q23,FORMAL,False,C,C,未列本輪取得8/17釋疑PDF5下方及6、8/19第二次會議官方組合PDF34下方及35；依同年答案採計，不宣稱沒有其他未取得公告,25,25,3,1,29,,,questions/Q23.png,576d80a32976c7eb90e9ee666063dca0a266526ccd2dacf8cce6ef70a6bbfed0,L2120,33.3 / Molluscs,L2760,42.1 / Open and Closed Circulatory Systems,33.3 / Molluscs：軟體動物中頭足類的循環系統特例在Molluscs正文702，目錄未另列Cephalopods葉目。,42.1 / Open and Closed Circulatory Systems：開放及封閉循環系統界定血液是否全程保留在血管內。,官方C。頭足類為本題軟體動物選項中的封閉循環例，其較活躍運動與有效循環相關；不把所有軟體動物或所有無脊椎動物都列為封閉循環。,"699,700,701,702,703,923","748,749,750,751,752,972",Codex /root,ISU-110-R2-Q23
ISU-110-Q24,FORMAL,False,D,D,未列本輪取得8/17釋疑PDF5下方及6、8/19第二次會議官方組合PDF34下方及35；依同年答案採計，不宣稱沒有其他未取得公告,25,25,3,1,29,,,questions/Q24.png,41fc2874c7bf59b42c5bc619edb27cc867d508b992d20891d14849da77ce4c5c,L2253,34.7 / Bipedalism,,,34.7 / Bipedalism：人族演化的重要形態轉變是習慣性雙足直立行走。,無另列最小次條目；750雙足行走D符合人族典型，其他猿亦無尾/可用工具；主Bipedalism且不杜撰絕對只人族能兩足。,官方D。教材750討論雙足行走早於大腦明顯增大；使用火、語言與某類工具不適合作為所有早期人族共同的最早特徵。此處指習慣性行走與骨骼適應，不是否認其他猿能短暫兩足移動。,"748,749,750","797,798,799",Codex /root,ISU-110-R2-Q24
ISU-110-Q25,FORMAL,False,D,D,未列本輪取得8/17釋疑PDF5下方及6、8/19第二次會議官方組合PDF34下方及35；依同年答案採計，不宣稱沒有其他未取得公告,25,25,3,1,29,,,questions/Q25.png,6662c4d89fc646fdb166672b86feb074c28f094c3343a0167921d86ed5c405ba,L2950,44.1 / Transport Epithelia in Osmoregulation,,,44.1 / Transport Epithelia in Osmoregulation：信天翁鹽腺的運輸上皮主動移出鹽，直接對應調節鹽水的上皮機制。,無另列最小次條目；982鹽腺運輸上皮直接支持D，C不適合海鳥；不是單純靠腎尿排出全部鹽。,官方D。鼻部鹽腺使鹽分濃縮排出，能減少為排鹽而流失的水；海鳥並不是體液與海水等滲的滲透順應者。原題的生活情境保留，不解成鹽腺可以創造水。,"979,981,982","1028,1030,1031",Codex /root,ISU-110-R2-Q25
ISU-110-Q26,FORMAL,False,B,B,8/17及8/19第二次會議兩版生物釋疑均維持原答案B,25,25,3,1,29,5,34,questions/Q26.png,d8bf7bac08ffc5af101bdec4f74453ba604c7038ae26d49e5d58e113d96fbd4c,L3144,47.2 / Gastrulation,,,47.2 / Gastrulation：原腸形成建立三胚層，表1051將消化道上皮列在內胚層衍生物。,無另列最小次條目；1051表與兩版官方釋疑將所指內襯解為上皮，B；肌肉結締組織另有來源，保留題文內壁語意界線。,官方B，兩版釋疑維持。受問的消化道內襯上皮主要出自內胚層，不能把整個腸壁平滑肌及結締組織也歸入內胚層。官方引11版1047，本地12版應查1051，不混用印刷與PDF頁碼。,"1049,1050,1051,1052","1098,1099,1100,1101",Codex /root,ISU-110-R2-Q26
ISU-110-Q27,FORMAL,False,A,A,未列本輪取得8/17釋疑PDF5下方及6、8/19第二次會議官方組合PDF34下方及35；依同年答案採計，不宣稱沒有其他未取得公告,25,25,3,1,29,,,questions/Q27.png,778bc4b239f52b24a55b12e25a23b40f105be0988978d4cabc8aca5d3505c069,L3144,47.2 / Gastrulation,,,47.2 / Gastrulation：滋養層啟動著床的敘述及圖47.12位於Gastrulation正文1052與1053左欄，按實際最小目錄歸檔。,無另列最小次條目；1052右欄與1053左圖直接載滋養層，主改Gastrulation；正文涵蓋早期流程不表示著床就是原腸運動。,官方A。囊胚外層滋養層促進植入子宮內膜，內細胞群主要形成胚體。著床在真正原腸運動之前；本書此條目用連續發育圖交代先行階段，分類位置不表示兩事件發生時間相同。,"1052,1053","1101,1102",Codex /root,ISU-110-R2-Q27
ISU-110-Q28,FORMAL,False,A,A,8/17及8/19第二次會議兩版生物釋疑均維持原答案A,26,26,4,1,29,6,35,questions/Q28.png,09b0cdcff5978c7c8bce01bbf0b53525dfa9f7f4fff8b9670349342d77d0378d,L3293,49.4 / Memory and Learning,,,49.4 / Memory and Learning：海馬迴對新持久記憶形成的作用由Memory and Learning1100–1101直接支持。,無另列最小次條目；1100–1101聚焦新持久記憶，A維持；官方較廣短期說法保留為範圍差異，不用寬敘述否定分類。,官方A，兩版釋疑維持。海馬迴損傷可造成形成新長期陳述記憶的障礙。官方「新短期與長期記憶無法產生」措辭較廣，不能推成所有短暫工作記憶或技能學習均消失；分類按題中記憶形成機制。,"1100,1101","1149,1150",Codex /root,ISU-110-R2-Q28
ISU-110-Q29,FORMAL,False,C,C,未列本輪取得8/17釋疑PDF5下方及6、8/19第二次會議官方組合PDF34下方及35；依同年答案採計，不宣稱沒有其他未取得公告,26,26,4,1,29,,,questions/Q29.png,e05d4e6c0211ac6dc7c780f089bc0da5139e20d0f1c1981761a5a0bd7f77cf9f,L3384,50.5 / Other Types of Muscle,L2776,42.2 / Maintaining the Heart’s Rhythmic Beat,50.5 / Other Types of Muscle：比較心肌動作電位較長的特性，Other Types of Muscle正文1131直接說明心肌與骨骼肌差異。,42.2 / Maintaining the Heart’s Rhythmic Beat：心臟節律條目補充心肌電訊號與搏動關係。,官方C，約200毫秒是四個選項中符合心室肌量級者。Campbell僅給較長的定性敘述，200–400ms範圍由Klabunde具名教材補足；時長隨心率、細胞及狀態改變，不能當全體心室細胞固定200ms。,"928,929,1131,1132","977,978,1180,1181",Codex /root,ISU-110-R2-Q29
ISU-110-Q30,FORMAL,False,A,A,未列本輪取得8/17釋疑PDF5下方及6、8/19第二次會議官方組合PDF34下方及35；依同年答案採計，不宣稱沒有其他未取得公告,26,26,4,1,29,,,questions/Q30.png,8ff2f1715ba56cf93a66d94b697913cf7df8bbde72a6e66d78ce5a67efd94a98,L3245,49.1 / The Peripheral Nervous System,L3231,48.4 / Neurotransmitters,49.1 / The Peripheral Nervous System：副交感迷走神經調節心率，核心是周邊自主神經系統。,48.4 / Neurotransmitters：ACh在不同受體上可興奮或抑制，心臟效應屬抑制性例。,官方A為不正確敘述。迷走神經ACh通常降低節律細胞放電與心率；透過G蛋白路徑可增加K通透及抑制腺苷酸環化酶。不能將骨骼肌菸鹼型ACh受體的興奮效應直接套到心臟毒蕈鹼型受體。,"928,929,1080,1081,1088,1089","977,978,1129,1130,1137,1138",Codex /root,ISU-110-R2-Q30
ISU-110-Q31,FORMAL,False,B,B,未列本輪取得8/17釋疑PDF5下方及6、8/19第二次會議官方組合PDF34下方及35；依同年答案採計，不宣稱沒有其他未取得公告,26,26,4,1,29,,,questions/Q31.png,6476e30b5daadb58703e159c157ec9842c1280d71e0fceddceae04b3cccd6cad,L2773,42.2 / The Mammalian Heart: A Closer Look,,,42.2 / The Mammalian Heart: A Closer Look：噴出率連結心室舒縮與每搏量，主條目是哺乳類心臟的循環週期。,無另列最小次條目；獨立計算(120−50)/120＝7/12＝58.33%，B；D是有體積單位的SV，非分率。,官方B。EF＝(EDV−ESV)/EDV；若以百分比呈現再乘100%。Klabunde教材明列EF＝SV/EDV，Campbell927支持SV與心室收縮。例EDV120、ESV50mL得70/120＝0.5833，即58.33%，分母不是ESV。,"926,927,928","975,976,977",Codex /root,ISU-110-R2-Q31
ISU-110-Q32,FORMAL,False,C,C,未列本輪取得8/17釋疑PDF5下方及6、8/19第二次會議官方組合PDF34下方及35；依同年答案採計，不宣稱沒有其他未取得公告,26,26,4,1,29,,,questions/Q32.png,f93fa73a715b9b4f46c0be8c27a3677742b530aab501d15dabe0a4f1da295f50,L3245,49.1 / The Peripheral Nervous System,,,49.1 / The Peripheral Nervous System：交感節後纖維對心臟的神經傳遞，屬周邊自主神經的輸出。,無另列最小次條目；1089交感到心臟的節後C，其他題列路徑典型ACh；scope鎖定心臟，不作所有節後絕對化。,官方C，心臟交感節後末梢主要釋出正腎上腺素。此為心臟題設，不能擴寫成所有交感節後神經絕無ACh等例外，也不混淆腎上腺髓質向血液分泌的荷爾蒙。,"1088,1089","1137,1138",Codex /root,ISU-110-R2-Q32
ISU-110-Q33,FORMAL,False,A,A,未列本輪取得8/17釋疑PDF5下方及6、8/19第二次會議官方組合PDF34下方及35；依同年答案採計，不宣稱沒有其他未取得公告,26,26,4,1,29,,,questions/Q33.png,0dca0276ff314db57c50e2447e3af7c4c3b96f69f0f33cae60520f11a1b7d36b,L0724,11.3 / Small Molecules and Ions as Second Messengers,L0708,11.2 / Receptors in the Plasma Membrane,11.3 / Small Molecules and Ions as Second Messengers：β腎上腺素受體活化Gs與腺苷酸環化酶，提高cAMP第二訊使。,11.2 / Receptors in the Plasma Membrane：細胞膜受體條目提供G蛋白偶聯受體的上游路徑。,官方A。心臟β受體刺激可使cAMP及PKA訊號增加；本地TOC文字漏了Ions，採真實PDF目錄題名Small Molecules and Ions as Second Messengers。原題中文「乙型腎因性受體」保留，依英文β adrenergic receptor解為β腎上腺素受體，不當成另一種受體。,"217,218,219,223,224,225","266,267,268,272,273,274",Codex /root,ISU-110-R2-Q33
ISU-110-Q34,FORMAL,False,D,D,未列本輪取得8/17釋疑PDF5下方及6、8/19第二次會議官方組合PDF34下方及35；依同年答案採計，不宣稱沒有其他未取得公告,26,26,4,1,29,,,questions/Q34.png,bb2900d5b58429b2c3224154c144915861b2fa4c34146b9360e65f373fe0d5f0,L2899,43.3 / B Cells and Antibodies: A Response to Extracellular Pathogens,,,43.3 / B Cells and Antibodies: A Response to Extracellular Pathogens：派爾斑是腸黏膜淋巴組織，最接近B細胞抗體與黏膜IgA的最小條目；細部構造以Janeway補足。,無另列最小次條目；Janeway10-13明確区分黏膜免疫與消化，錯D；Campbell最小條目只負責分類框架且範圍透明。,官方D為錯誤敘述。Peyer’s patches含淋巴濾泡，相關M細胞將腸腔抗原轉運給下方免疫細胞，參與黏膜防禦，不以消化蛋白質為功能。Campbell966提供IgA保護黏膜的框架，未假稱其中直接列出派爾斑全部構造；M細胞轉運亦不等同專業抗原呈現細胞。,"964,965,966,968","1013,1014,1015,1017",Codex /root,ISU-110-R2-Q34
ISU-110-Q35,FORMAL,False,D,D,未列本輪取得8/17釋疑PDF5下方及6、8/19第二次會議官方組合PDF34下方及35；依同年答案採計，不宣稱沒有其他未取得公告,26,26,4,1,29,,,questions/Q35.png,6bcad96d011fb44c82d3aaa4fe43ffbeb09a00af90be2e7af6de4788ad819bbb,L3036,45.3 / Parathyroid Hormone and Vitamin D: Control of Blood Calcium,,,45.3 / Parathyroid Hormone and Vitamin D: Control of Blood Calcium：副甲狀腺素與維生素D條目直接處理血鈣的負回饋調控。,無另列最小次條目；1011–1012鈣恆定直接支持PTH D，選擇最小命名條目而非泛內分泌總章。,官方D。PTH整合骨、腎與活性維生素D相關作用以提高血鈣；不能把PTH誤寫成降低血鈣的降鈣素，也不是只靠單一器官作用。,"1011,1012","1060,1061",Codex /root,ISU-110-R2-Q35
ISU-110-Q36,FORMAL,False,A,A,未列本輪取得8/17釋疑PDF5下方及6、8/19第二次會議官方組合PDF34下方及35；依同年答案採計，不宣稱沒有其他未取得公告,26,26,4,1,29,,,questions/Q36.png,1dc731893c67ea0b760b15bdc1e82959661f64f8a3bb279b2340edf967420079,L3001,45.1 / Chemical Classes of Hormones,L3039,45.3 / Adrenal Hormones: Response to Stress,45.1 / Chemical Classes of Hormones：醛固酮屬類固醇，其化學類別決定以膽固醇為前驅物。,45.3 / Adrenal Hormones: Response to Stress：腎上腺激素條目確認醛固酮來自腎上腺皮質並調節鹽水平衡。,官方A。膽固醇是類固醇激素的前驅物；酪胺酸是兒茶酚胺等的前驅來源，不適合醛固酮。本題問生合成起始物，不以腎臟靶效應取代主分類。,"1001,1002,1012,1013,1014","1050,1051,1061,1062,1063",Codex /root,ISU-110-R2-Q36
ISU-110-Q37,FORMAL,False,C,C,8/17及8/19第二次會議兩版生物釋疑均維持原答案C,27,27,5,1,29,6,35,questions/Q37.png,860daf7495388f2a08bd273b03a40d247ff406cc97544aa2c81bf0de376863b3,L3261,49.2 / Emotions,L3023,45.2 / Coordination of the Endocrine and Nervous Systems,49.2 / Emotions：邊緣系統參與情緒及動機，杏仁核等與下視丘的聯繫對應Emotions條目。,45.2 / Coordination of the Endocrine and Nervous Systems：神經內分泌協調補足下視丘連結內分泌與自主生理反應的角色。,官方C，兩版釋疑維持。下視丘與邊緣系統協調情緒伴隨的生理反應。官方列Ganong Review of Medical Physiology26版；本輪補讀的是出版社Ganong Examination & Board Review2版第17章公開Introduction，不聲稱已取得官方所引26版全文。,"1006,1007,1092,1093,1095,1096","1055,1056,1141,1142,1144,1145",Codex /root,ISU-110-R2-Q37
ISU-110-Q38,FORMAL,False,C,C,未列本輪取得8/17釋疑PDF5下方及6、8/19第二次會議官方組合PDF34下方及35；依同年答案採計，不宣稱沒有其他未取得公告,27,27,5,1,29,,,questions/Q38.png,cdcceb712651eaed10a52ee30e323dc400c74842f44b4ee37afe168f1fc84ba1,L3374,50.4 / Smell in Humans,L3271,49.3 / Information Processing,50.4 / Smell in Humans：受問感覺為嗅覺，先定位化學感受的Smell條目。,49.3 / Information Processing：皮質感覺訊息處理說明多數感覺輸入經丘腦中繼，對照嗅覺例外。,官方C。嗅覺到初級嗅皮質沒有必經丘腦的第一級中繼；不是嗅覺任何階段都與丘腦無關。Sela等丘腦病灶研究顯示辨識與愉悅度仍可受影響。Campbell1093的概括敘述與1097「多數」感覺傳入需按此範圍解讀。,"1092,1093,1097,1124,1125","1141,1142,1146,1173,1174",Codex /root,ISU-110-R2-Q38
ISU-110-Q39,FORMAL,False,C,C,未列本輪取得8/17釋疑PDF5下方及6、8/19第二次會議官方組合PDF34下方及35；依同年答案採計，不宣稱沒有其他未取得公告,27,27,5,1,29,,,questions/Q39.png,8510ed9d2f3a5b7743ae6bc2f1cf3c57f8f93341c739e5c7f858f835290c725c,L2974,44.4 / From Blood Filtrate to Urine: A Closer Look,"L3036,L2802",45.3 / Parathyroid Hormone and Vitamin D: Control of Blood Calcium ; 42.4 / Blood Composition and Function,44.4 / From Blood Filtrate to Urine: A Closer Look：慢性腎功能受損涉及濾液處理及排泄失調，主分類依腎元功能。,45.3 / Parathyroid Hormone and Vitamin D: Control of Blood Calcium：PTH與維生素D說明CKD礦質平衡；42.4 / Blood Composition and Function：血液組成的EPO段落說明腎病相關貧血。,官方C為不正確敘述，血鈣「大幅增加」不是未加條件的典型CKD後果。腎功能下降可使肌酸酐累積、EPO不足及活性維生素D減少，鈣磷與PTH調節失衡。NIDDK明示CKD血鈣可低、正常或高；不能反向斷言所有CKD永遠低血鈣，治療與病程也會改變數值。,"936,987,988,989,994,995,1011,1012","985,1036,1037,1038,1043,1044,1060,1061",Codex /root,ISU-110-R2-Q39
ISU-110-Q40,FORMAL,False,C,C,未列本輪取得8/17釋疑PDF5下方及6、8/19第二次會議官方組合PDF34下方及35；依同年答案採計，不宣稱沒有其他未取得公告,27,27,5,1,29,,,questions/Q40.png,cec30ea6d8d0b175539120b5981ada69c8af48d7ccdce6d52935d6c902fdab3a,L2789,42.3 / Blood Pressure,L2770,42.2 / Mammalian Circulation,42.3 / Blood Pressure：題目以壓力大小與測量方法辨別肺動脈敘述，主歸Blood Pressure。,42.2 / Mammalian Circulation：哺乳類雙循環支持肺動脈血流方向、氧含量與體循環差異。,官方C為錯誤敘述。一般肱動脈壓脈帶不能量得肺動脈壓，肺動脈壓須專門方法如導管；Klabunde圖示正常約25/10mmHg供量級比較。肺動脈含氧相對較低，不是完全沒有氧；不能把一般袖帶120/80直接套用。,"926,930,931,932","975,979,980,981",Codex /root,ISU-110-R2-Q40
ISU-110-Q41,FORMAL,False,A,A,未列本輪取得8/17釋疑PDF5下方及6、8/19第二次會議官方組合PDF34下方及35；依同年答案採計，不宣稱沒有其他未取得公告,27,27,5,1,29,,,questions/Q41.png,23351fd8e647c4c95b11ef29620450174538dc44d318ef5f57769447d24d9651,L0411,7.1 / The Fluidity of Membranes,L0466,7.5 / Endocytosis,7.1 / The Fluidity of Membranes：胞膜小窩的膽固醇富集結構先按膜脂組成與性質分類，課本外精細構造需明列來源。,7.5 / Endocytosis：胞吞作用提供膜內陷形成運輸囊泡的框架。,官方A。Caveolae是富膽固醇的細胞膜內陷，Alberts胞吞章直接描述燒瓶狀內陷與脂筏組成；不是所有健康細胞都必有，也不能把它與clathrin包被小窩混為一種。Campbell提供一般膜及胞吞原理，不聲稱它直接證明caveolae的全部細節。,"128,129,139,140","177,178,188,189",Codex /root,ISU-110-R2-Q41
ISU-110-Q42,FORMAL,False,C,C,未列本輪取得8/17釋疑PDF5下方及6、8/19第二次會議官方組合PDF34下方及35；依同年答案採計，不宣稱沒有其他未取得公告,27,27,5,1,29,,,questions/Q42.png,9c05c9bcfd810a67fd65c69ded3da920893b9b3415732e818424813a12dcc9a8,L1123,18.2 / Regulation of Chromatin Structure,,,18.2 / Regulation of Chromatin Structure：組蛋白乙醯化改變染色質包裝與DNA可及性，是染色質層次的基因表現調控。,無另列最小次條目；371–372支持降低緊密包裝、通常促進轉錄C；非直接改DNA序列，來源的概括作用加通常限定。,官方C。乙醯化通常減弱組蛋白與DNA的緊密作用，有利轉錄機器接近DNA；並非DNA鹼基序列突變，也不保證任何位置的乙醯化都必然開啟每個基因。,"371,372","420,421",Codex /root,ISU-110-R2-Q42
ISU-110-Q43,FORMAL,False,C,C,未列本輪取得8/17釋疑PDF5下方及6、8/19第二次會議官方組合PDF34下方及35；依同年答案採計，不宣稱沒有其他未取得公告,27,27,5,1,29,,,questions/Q43.png,a982517eb712e8e686aab69b3b57da9bfa0b8a8bd2263fb2a9f8be8b3d605b44,L1013,16.2 / Proofreading and Repairing DNA,,,16.2 / Proofreading and Repairing DNA：紫外線造成嘧啶二聚體，核苷酸切除修復失效情境直接落在DNA修復。,無另列最小次條目；327–328核苷酸切除修復與thymine dimer支持C；原題thymidine dimers保留，76歲情境不夠作遺傳疾病確診。,官方C。相鄰胸腺嘧啶可形成二聚體，修復缺陷提高UV損伤風險。原題英文thymidine dimer與標準thymine dimer用詞差別保存；題幹老年個案本身不足以確診遺傳性著色性乾皮症，只以其修復原理分類。,"327,328","376,377",Codex /root,ISU-110-R2-Q43
ISU-110-Q44,FORMAL,False,A,A,未列本輪取得8/17釋疑PDF5下方及6、8/19第二次會議官方組合PDF34下方及35；依同年答案採計，不宣稱沒有其他未取得公告,27,27,5,1,29,,,questions/Q44.png,70974587a17317d90494efb9de1fe6b498eb6210fd04a8cf72ab4c1dcd9cc957,L1085,17.5 / Types of Small-Scale Mutations,L1042,17.1 / The Genetic Code,17.5 / Types of Small-Scale Mutations：終止密碼轉為可編碼密碼使多肽延長，屬小尺度鹼基替換的功能後果。,17.1 / The Genetic Code：遺傳密碼表可獨立判讀UAA、CAA、UAG、CGA、UGA、GAU與GAC。,官方A。UAA→CAA使終止訊號變為Gln，可能讀至下游終止密碼；B仍為終止，C造成提前終止，D為同義替換。原題正常β鏈141個胺基酸有誤：UniProt P68871成熟鏈2–147共146個，含起始Met全序列147個。原題141與172均保留；僅憑這次替換無法推算延長後一定172個，仍能判斷A的stop-loss機制。,"340,341,357,358,359","389,390,406,407,408",Codex /root,ISU-110-R2-Q44
ISU-110-Q45,FORMAL,False,B,B,未列本輪取得8/17釋疑PDF5下方及6、8/19第二次會議官方組合PDF34下方及35；依同年答案採計，不宣稱沒有其他未取得公告,27,27,5,1,29,,,questions/Q45.png,88bc5871499c355c4045a067e0fa5a8aa5eb9e122b866ccc216f771a180d7151,L3004,45.1 / Cellular Hormone Response Pathways,L0711,11.2 / Intracellular Receptors,45.1 / Cellular Hormone Response Pathways：雌激素可進入細胞結合胞內受體，題目主要比較激素引發反應的受體位置。,11.2 / Intracellular Receptors：胞內受體條目補足脂溶性訊號調節基因表現機制。,官方B。雌激素的典型作用經胞內核受體；其他題列蛋白質激素通常經膜受體。這是題目要求的典型路徑，不宣稱雌激素完全沒有快速膜相關作用，也不把所有胞內受體配體限定為類固醇。,"220,221,1001,1002,1003","269,270,1050,1051,1052",Codex /root,ISU-110-R2-Q45
ISU-110-Q46,FORMAL,False,B,B,未列本輪取得8/17釋疑PDF5下方及6、8/19第二次會議官方組合PDF34下方及35；依同年答案採計，不宣稱沒有其他未取得公告,28,28,6,1,29,,,questions/Q46.png,57992759c4f3af187a12b6fcd6f0e4e047efd07f245960c87179cbef4f6084aa,L0789,12.3 / The Cell Cycle Control System,L1019,16.2 / Replicating the Ends of DNA Molecules,12.3 / The Cell Cycle Control System：細胞老化的核心為穩定的細胞週期停滯，按細胞週期控制最小條目分類。,16.2 / Replicating the Ends of DNA Molecules：端粒縮短可限制體細胞持續增殖，是複製性老化的相關原因，不代表全部老化只有此原因。,官方B。Senescence典型為持續的增殖停滯，細胞仍可存活並有代謝與分泌，不等於凋亡或壞死。Campbell控制點與端粒段落提供框架，精確senescence定義以González-Gualda等原作者指南摘要補足；一般短暫可逆靜止G0不能直接當作已證明細胞老化。,"244,245,247,248,249,328,329","293,294,296,297,298,377,378",Codex /root,ISU-110-R2-Q46
ISU-110-Q47,FORMAL,False,B,B,8/17及8/19第二次會議兩版生物釋疑均維持原答案B,28,28,6,1,29,6,35,questions/Q47.png,d9b940f56f56777c0ef10100b310e38cfe9f058378b9e642c9207de8fa5f2214,L1589,25.4 / Adaptive Radiations,,,25.4 / Adaptive Radiations：單一祖先在群島分化為多個生態不同物種，核心為適應輻射。,無另列最小次條目；542–544島嶼適應輻射與兩版釋疑支持B，未僅依族群數推斷同域或特定隔離途徑。,官方B，兩版釋疑維持。教材542–544以島嶼等環境說明適應輻射，和題設果蠅多樣化一致；僅憑總物種數不能推成所有種都已證明同一種地理隔離模式，也不改歸單純島嶼面積與滅絕平衡模型。,"542,543,544","591,592,593",Codex /root,ISU-110-R2-Q47
ISU-110-Q48,FORMAL,False,A,A,未列本輪取得8/17釋疑PDF5下方及6、8/19第二次會議官方組合PDF34下方及35；依同年答案採計，不宣稱沒有其他未取得公告,28,28,6,1,29,,,questions/Q48.png,f0d321f35278a0a4531eefb610591e82424f7f13d9a87a3d103a10bde9f700ab,L2792,42.3 / Capillary Function,L2795,42.3 / Fluid Return by the Lymphatic System,42.3 / Capillary Function：水腫取決微血管液體交換，血漿蛋白造成的膠體滲透作用是題目判別核心。,42.3 / Fluid Return by the Lymphatic System：淋巴回流回收組織液，阻塞可造成水腫。,官方A。其他條件相同時，增加留在血管內的血漿蛋白提高膠體滲透作用，不是促進水腫的因素；靜脈壓、微血管通透性上升或淋巴阻塞可促進水腫。此比較依蛋白主要留在血管的條件，不把所有臨床水腫簡化成單一壓力。,"932,933,934","981,982,983",Codex /root,ISU-110-R2-Q48
ISU-110-Q49,FORMAL,False,B,B,未列本輪取得8/17釋疑PDF5下方及6、8/19第二次會議官方組合PDF34下方及35；依同年答案採計，不宣稱沒有其他未取得公告,28,28,6,1,29,,,questions/Q49.png,be2a137ddfc3711ce2b44d3607e5de8f1e3716734edeb1f2a9e239346bdb401f,L2917,43.3 / Immune Rejection,L2924,"43.4 / Exaggerated, Self-Directed, and Diminished Immune Responses",43.3 / Immune Rejection：不合血型輸血引發針對紅血球抗原的免疫破壞，最小主目是組織及血液的免疫排斥。,"43.4 / Exaggerated, Self-Directed, and Diminished Immune Responses：過強免疫反應中的IgE過敏可作第一型對照，保留同章次目而不多計章次。",官方B，第二型。依Janeway機制分類與Dean輸血章，抗體結合紅血球表面抗原可引起補體及細胞清除；ABO常見IgM，也可有IgG等情況。重點是細胞表面標的，非可溶性免疫複合物的第三型、IgE肥大細胞的第一型或T細胞延遲反應的第四型。分類為本輪綜合機制判讀。,"969,970,971","1018,1019,1020",Codex /root,ISU-110-R2-Q49
ISU-110-Q50,FORMAL,False,B,B,8/17及8/19第二次會議兩版生物釋疑均維持原答案B,28,28,6,1,29,6,35,questions/Q50.png,dc9d837b7ecfb8215fde8e7d925484cf0793e2df79ada82734c73d07a4345ff3,L2886,43.2 / Antigen Recognition by T Cells,,,43.2 / Antigen Recognition by T Cells：T細胞受體辨識MHC呈現的抗原胜肽，直接對應T Cell Antigen Recognition。,無另列最小次條目；原圖、兩版釋疑與959–960核對，官方B按TCR與胜肽MHC結合；識別方向的措辭不改原題，分類落T Cell Antigen Recognition。,官方B，兩版釋疑維持。原題將MHC說成能辨識某分子，方向與術語不精確；官方釋疑解為MHC-Ag複合物與T細胞受體結合。標準描述是MHC呈現胜肽、TCR辨識胜肽-MHC。NK受體確能辨識某些MHC訊號，不因此私改本題官方採計；保留題幹與釋疑重述的差異。,"959,960","1008,1009",Codex /root,ISU-110-R2-Q50
